protocol_type,service,flag,src_bytes,count,serror_rate,diff_srv_rate,dst_host_count,dst_host_srv_count,dst_host_same_srv_rate,dst_host_diff_srv_rate,dst_host_same_src_port_rate,dst_host_srv_diff_host_rate,dst_host_serror_rate,dst_host_rerror_rate
1,22,9,267,4,0.0,0.0,155,255,1.0,0.0,0.01,0.03,0.01,0.0
1,22,9,327,33,0.0,0.0,151,255,1.0,0.0,0.01,0.03,0.0,0.0
1,22,9,350,8,0.0,0.0,71,255,1.0,0.0,0.01,0.04,0.0,0.0
1,22,9,213,24,0.0,0.0,255,255,1.0,0.0,0.0,0.0,0.0,0.0
1,22,9,246,16,0.0,0.0,35,255,1.0,0.0,0.03,0.05,0.0,0.0
2,45,9,45,505,0.0,0.0,255,255,1.0,0.0,1.0,0.0,0.0,0.0
1,22,9,277,17,0.0,0.0,36,255,1.0,0.0,0.03,0.02,0.0,0.0
1,22,9,294,22,0.0,0.0,180,255,1.0,0.0,0.01,0.01,0.0,0.0
2,45,9,54,511,0.0,0.0,255,255,1.0,0.0,0.83,0.0,0.0,0.0
1,22,9,301,15,0.0,0.0,20,255,1.0,0.0,0.05,0.02,0.05,0.0
1,22,9,209,11,0.0,0.0,255,255,1.0,0.0,0.0,0.0,0.0,0.0
1,22,9,277,13,0.0,0.0,13,255,1.0,0.0,0.08,0.01,0.0,0.0
1,22,9,321,29,0.03,0.0,29,255,1.0,0.0,0.03,0.04,0.03,0.0
1,22,9,54540,4,0.0,0.0,255,250,0.98,0.01,0.0,0.0,0.0,0.06
2,45,9,46,68,0.0,0.0,255,255,1.0,0.0,0.26,0.0,0.0,0.0
1,22,9,318,3,0.0,0.0,3,156,1.0,0.0,0.33,0.04,0.0,0.0
1,18,9,160,1,0.0,0.0,255,37,0.15,0.02,0.0,0.0,0.0,0.44
1,22,9,229,1,0.0,0.0,21,255,1.0,0.0,0.05,0.04,0.0,0.0
1,22,9,282,8,0.0,0.0,255,255,1.0,0.0,0.0,0.0,0.0,0.0
1,19,9,283618,2,0.0,0.0,7,10,0.86,0.29,0.86,0.2,0.0,0.0
1,22,9,233,3,0.0,0.0,255,197,0.77,0.02,0.0,0.0,0.0,0.0
1,22,9,257,2,0.0,0.0,255,255,1.0,0.0,0.0,0.0,0.0,0.0
1,22,9,214,30,0.0,0.0,255,255,1.0,0.0,0.0,0.0,0.0,0.0
1,22,9,203,19,0.0,0.0,255,255,1.0,0.0,0.0,0.0,0.0,0.0
1,22,9,320,8,0.0,0.0,85,253,1.0,0.0,0.01,0.04,0.0,0.0
1,22,9,358,11,0.0,0.0,81,255,1.0,0.0,0.01,0.03,0.0,0.0
1,22,9,270,2,0.0,0.0,7,255,1.0,0.0,0.14,0.04,0.0,0.0
1,22,9,219,4,0.0,0.0,4,251,1.0,0.0,0.25,0.08,0.0,0.0
1,22,9,258,26,0.0,0.0,255,255,1.0,0.0,0.0,0.0,0.0,0.0
1,22,9,324,5,0.0,0.0,69,255,1.0,0.0,0.01,0.01,0.0,0.0
1,22,9,236,3,0.0,0.0,255,255,1.0,0.0,0.0,0.0,0.0,0.0
1,49,9,0,1,0.0,0.0,110,25,0.23,0.13,0.01,0.0,0.0,0.0
1,49,9,995,1,0.0,0.0,62,42,0.66,0.05,0.02,0.05,0.0,0.0
1,55,9,197,1,0.0,0.0,248,32,0.13,0.03,0.0,0.0,0.0,0.0
1,22,9,197,2,0.0,0.0,26,229,1.0,0.0,0.04,0.05,0.0,0.0
1,55,9,0,1,0.0,0.0,255,69,0.27,0.03,0.0,0.0,0.0,0.11
1,22,9,224,3,0.0,0.0,255,255,1.0,0.0,0.0,0.0,0.0,0.0
2,45,9,48,5,0.0,0.0,255,254,1.0,0.01,0.0,0.0,0.0,0.0
1,22,9,303,6,0.0,0.0,30,255,1.0,0.0,0.03,0.01,0.0,0.0
1,17,9,8,1,0.0,0.0,74,10,0.04,0.31,0.01,0.2,0.01,0.0
2,11,9,43,208,0.0,0.01,255,254,1.0,0.01,0.01,0.0,0.0,0.0
1,55,9,124,2,0.0,0.0,255,255,1.0,0.0,0.0,0.0,0.0,0.02
2,11,9,42,7,0.0,0.0,220,220,1.0,0.0,0.0,0.0,0.0,0.0
2,11,9,42,13,0.0,0.0,255,255,1.0,0.0,0.01,0.0,0.0,0.0
1,22,9,357,1,0.0,0.0,131,255,1.0,0.0,0.01,0.03,0.0,0.0
2,45,9,43,1,0.0,0.0,255,254,1.0,0.01,0.0,0.0,0.0,0.0
1,22,9,244,4,0.0,0.0,206,255,1.0,0.0,0.0,0.01,0.0,0.0
1,55,2,124,1,0.0,0.0,255,254,1.0,0.01,0.0,0.0,0.01,0.02
1,22,9,313,8,0.0,0.0,72,255,1.0,0.0,0.01,0.04,0.0,0.0
1,22,9,285,2,0.0,0.0,67,255,1.0,0.0,0.01,0.04,0.01,0.0
1,22,9,293,10,0.0,0.0,255,255,1.0,0.0,0.0,0.0,0.0,0.0
1,55,9,121,1,0.0,0.0,255,120,0.47,0.02,0.0,0.0,0.0,0.01
1,49,9,4030,1,0.0,0.0,149,102,0.56,0.03,0.01,0.02,0.0,0.0
2,11,9,44,120,0.0,0.0,255,255,1.0,0.0,0.01,0.0,0.0,0.0
1,22,9,205,20,0.0,0.0,255,255,1.0,0.0,0.0,0.0,0.0,0.0
1,43,9,26,1,0.0,0.0,255,246,0.96,0.02,0.0,0.0,0.0,0.01
1,22,9,389,11,0.0,0.0,255,255,1.0,0.0,0.0,0.0,0.0,0.0
1,22,9,321,6,0.0,0.0,64,255,1.0,0.0,0.02,0.02,0.0,0.0
1,18,9,26,1,0.0,0.0,218,107,0.49,0.03,0.0,0.0,0.0,0.0
2,45,9,105,1,0.0,0.0,192,191,0.99,0.01,0.01,0.0,0.0,0.0
1,22,5,0,110,1.0,0.0,255,255,1.0,0.0,0.0,0.0,0.65,0.32
1,22,9,197,18,0.0,0.0,255,255,1.0,0.0,0.0,0.0,0.0,0.0
1,22,9,353,4,0.0,0.0,255,255,1.0,0.0,0.0,0.0,0.0,0.0
1,19,9,12,1,0.0,0.0,7,7,1.0,0.0,1.0,0.0,0.0,0.0
1,22,9,326,11,0.0,0.0,32,255,1.0,0.0,0.03,0.05,0.0,0.0
2,45,9,105,1,0.0,0.0,52,51,0.98,0.04,0.02,0.0,0.0,0.0
1,22,9,283,26,0.0,0.0,255,255,1.0,0.0,0.0,0.0,0.0,0.0
1,22,9,227,7,0.0,0.0,7,255,1.0,0.0,0.14,0.01,0.0,0.0
2,45,9,43,2,0.0,0.0,255,255,1.0,0.0,0.01,0.0,0.0,0.0
1,22,9,211,13,0.0,0.0,30,255,1.0,0.0,0.03,0.05,0.0,0.0
1,22,9,258,10,0.0,0.0,71,255,1.0,0.0,0.01,0.03,0.0,0.0
1,22,9,54540,4,0.0,0.0,255,254,1.0,0.01,0.0,0.0,0.0,0.07
2,11,9,44,178,0.0,0.01,255,254,1.0,0.01,0.01,0.0,0.0,0.0
1,22,9,234,38,0.0,0.0,255,255,1.0,0.0,0.0,0.0,0.0,0.0
1,22,9,306,6,0.0,0.0,255,255,1.0,0.0,0.0,0.0,0.0,0.0
1,22,5,0,35,0.26,0.0,255,255,1.0,0.0,0.0,0.0,0.05,0.68
2,45,9,53,505,0.0,0.0,255,255,1.0,0.0,0.85,0.0,0.0,0.0
1,22,4,57964,42,0.02,0.0,255,255,1.0,0.0,0.0,0.0,0.0,0.16
1,49,9,1376,1,0.0,0.0,96,65,0.68,0.04,0.01,0.0,0.0,0.0
1,22,5,0,29,0.79,0.0,255,255,1.0,0.0,0.0,0.0,0.14,0.7
1,49,9,1500,1,0.0,0.0,193,218,0.82,0.03,0.01,0.01,0.0,0.0
1,49,9,1710,1,0.0,0.0,255,142,0.56,0.02,0.0,0.0,0.0,0.0
1,22,9,245,9,0.0,0.0,222,255,1.0,0.0,0.01,0.01,0.0,0.0
1,22,9,235,2,0.0,0.0,255,255,1.0,0.0,0.0,0.0,0.0,0.0
1,18,9,26,1,0.0,0.0,179,85,0.47,0.03,0.01,0.0,0.0,0.0
2,11,9,44,5,0.0,0.4,255,212,0.83,0.01,0.01,0.0,0.0,0.0
1,22,9,347,4,0.0,0.0,255,255,1.0,0.0,0.0,0.0,0.0,0.0
2,45,9,46,20,0.0,0.0,255,255,1.0,0.0,0.07,0.0,0.0,0.0
1,22,9,245,3,0.0,0.0,18,255,1.0,0.0,0.06,0.01,0.0,0.0
2,45,9,54,511,0.0,0.0,255,255,1.0,0.0,0.98,0.0,0.0,0.0
1,22,9,328,3,0.0,0.0,118,255,1.0,0.0,0.01,0.05,0.0,0.0
1,22,9,163,1,0.0,0.0,1,255,1.0,0.0,1.0,0.03,0.0,0.0
1,22,7,54540,4,0.25,0.0,255,254,1.0,0.01,0.0,0.0,0.0,0.01
2,45,9,105,1,0.0,0.0,100,99,0.99,0.02,0.01,0.0,0.0,0.0
1,22,9,204,17,0.0,0.0,233,255,1.0,0.0,0.0,0.01,0.0,0.0
1,22,9,316,11,0.0,0.0,50,255,1.0,0.0,0.02,0.01,0.0,0.0
2,45,9,52,509,0.0,0.0,255,255,1.0,0.0,0.96,0.0,0.0,0.0
1,19,9,6932,2,0.0,0.0,36,5,0.14,0.08,0.14,0.0,0.0,0.0
1,43,9,32,1,0.0,0.0,255,171,0.67,0.02,0.0,0.0,0.0,0.11
1,22,9,232,5,0.0,0.0,101,255,1.0,0.0,0.01,0.02,0.0,0.0
1,22,9,251,1,0.0,0.0,58,255,1.0,0.0,0.02,0.04,0.0,0.0
1,49,9,1055,1,0.0,0.0,142,192,0.81,0.03,0.01,0.01,0.0,0.02
1,22,9,286,16,0.0,0.0,152,255,1.0,0.0,0.01,0.01,0.0,0.0
1,22,9,321,18,0.0,0.0,255,255,1.0,0.0,0.0,0.0,0.0,0.0
1,19,9,283618,2,0.0,0.0,6,12,1.0,0.0,1.0,0.25,0.0,0.0
1,45,6,2,1,1.0,0.0,255,2,0.01,0.03,0.0,0.0,0.45,0.02
2,11,9,22,3,0.0,0.67,141,134,0.95,0.02,0.01,0.0,0.0,0.0
1,22,9,223,3,0.0,0.0,157,255,1.0,0.0,0.01,0.02,0.0,0.0
1,22,9,237,16,0.0,0.0,255,255,1.0,0.0,0.0,0.0,0.0,0.0
2,45,9,45,511,0.0,0.0,255,255,1.0,0.0,0.83,0.0,0.0,0.0
1,22,5,0,16,1.0,0.0,255,245,0.96,0.01,0.0,0.0,0.21,0.56
1,22,9,301,14,0.0,0.0,120,255,1.0,0.0,0.01,0.01,0.0,0.0
2,11,9,44,87,0.0,0.0,255,255,1.0,0.0,0.0,0.0,0.0,0.0
1,43,9,30,2,0.0,1.0,255,249,0.98,0.01,0.0,0.0,0.0,0.02
1,22,9,197,16,0.0,0.0,255,255,1.0,0.0,0.0,0.0,0.0,0.0
1,22,9,350,5,0.0,0.0,255,255,1.0,0.0,0.0,0.0,0.0,0.0
2,11,9,46,127,0.0,0.02,255,254,1.0,0.01,0.01,0.0,0.0,0.0
2,45,9,52,511,0.0,0.0,255,255,1.0,0.0,0.78,0.0,0.0,0.0
1,22,9,207,12,0.0,0.0,255,255,1.0,0.0,0.0,0.0,0.0,0.0
1,22,9,180,1,0.0,0.0,94,255,1.0,0.0,0.01,0.01,0.0,0.0
1,22,9,339,11,0.0,0.0,255,255,1.0,0.0,0.0,0.0,0.0,0.0
2,45,9,55,511,0.0,0.0,255,255,1.0,0.0,1.0,0.0,0.0,0.0
2,45,9,49,1,0.0,0.0,255,255,1.0,0.0,0.01,0.0,0.0,0.0
2,11,9,42,8,0.0,0.0,255,251,0.98,0.01,0.0,0.0,0.0,0.0
1,55,9,123,2,0.0,0.0,255,255,1.0,0.0,0.0,0.0,0.01,0.02
1,22,9,78202,4,0.0,0.0,255,255,1.0,0.0,0.0,0.0,0.0,0.0
1,22,9,271,15,0.0,0.0,255,255,1.0,0.0,0.0,0.0,0.0,0.0
2,11,9,46,160,0.0,0.0,255,255,1.0,0.0,0.01,0.0,0.0,0.0
1,49,9,1107,1,0.0,0.0,20,178,0.9,0.15,0.05,0.01,0.0,0.0
1,18,9,241,1,0.0,0.0,171,73,0.42,0.04,0.01,0.03,0.0,0.01
1,22,9,223,5,0.0,0.0,48,255,1.0,0.0,0.02,0.02,0.0,0.0
1,22,9,205,7,0.0,0.0,255,255,1.0,0.0,0.0,0.0,0.0,0.0
2,45,9,105,1,0.0,0.0,255,251,0.98,0.01,0.01,0.0,0.0,0.0
1,55,9,0,1,0.0,0.0,255,164,0.64,0.03,0.0,0.0,0.33,0.11
2,45,9,54,511,0.0,0.0,255,255,1.0,0.0,0.85,0.0,0.0,0.0
1,22,9,268,4,0.0,0.0,255,255,1.0,0.0,0.0,0.0,0.0,0.0
1,22,9,324,20,0.0,0.0,20,255,1.0,0.0,0.05,0.07,0.0,0.0
1,22,9,222,7,0.0,0.0,38,255,1.0,0.0,0.03,0.04,0.0,0.0
1,22,9,236,3,0.0,0.0,255,211,0.83,0.11,0.0,0.0,0.0,0.1
1,19,9,868,1,0.0,0.0,1,23,1.0,0.0,1.0,0.09,0.0,0.0
1,22,9,239,2,0.0,0.0,255,255,1.0,0.0,0.0,0.0,0.0,0.0
1,43,9,28,1,0.0,0.0,255,224,0.88,0.04,0.0,0.0,0.0,0.0
1,22,9,206,9,0.0,0.0,158,255,1.0,0.0,0.01,0.02,0.0,0.0
1,22,9,286,6,0.0,0.0,6,251,1.0,0.0,0.17,0.07,0.0,0.0
1,22,9,211,3,0.0,0.0,3,255,1.0,0.0,0.33,0.04,0.0,0.0
1,49,9,0,1,0.0,0.0,18,103,0.44,0.28,0.06,0.02,0.0,0.0
2,45,9,105,1,0.0,0.0,255,248,0.97,0.01,0.01,0.0,0.0,0.0
1,55,9,119,2,0.0,0.0,255,33,0.13,0.02,0.0,0.0,0.0,0.0
2,11,9,43,49,0.0,0.0,255,255,1.0,0.0,0.0,0.0,0.0,0.0
1,22,9,209,28,0.0,0.0,76,255,1.0,0.0,0.01,0.02,0.0,0.0
1,22,9,283,9,0.0,0.0,34,255,1.0,0.0,0.03,0.02,0.03,0.0
1,22,9,198,9,0.0,0.0,9,253,1.0,0.0,0.11,0.06,0.0,0.0
1,22,9,314,4,0.0,0.0,48,242,1.0,0.0,0.02,0.03,0.0,0.0
1,22,9,317,21,0.0,0.0,21,255,1.0,0.0,0.05,0.08,0.0,0.0
1,43,9,30,1,0.0,0.0,255,246,0.96,0.01,0.0,0.0,0.0,0.0
1,22,9,54540,3,0.0,0.0,255,255,1.0,0.0,0.0,0.0,0.0,0.03
1,22,9,310,3,0.0,0.0,6,255,1.0,0.0,0.17,0.03,0.0,0.0
2,45,9,54,511,0.0,0.0,255,255,1.0,0.0,0.95,0.0,0.0,0.0
1,55,9,0,1,0.0,0.0,255,229,0.9,0.11,0.0,0.0,0.5,0.11
1,19,9,283618,1,0.0,0.0,3,15,1.0,0.0,1.0,0.13,0.0,0.0
1,55,9,24,3,0.0,0.67,45,85,0.33,0.11,0.02,0.02,0.0,0.87
1,22,9,207,14,0.0,0.0,255,255,1.0,0.0,0.0,0.0,0.0,0.0
1,55,9,0,1,0.0,0.0,255,98,0.38,0.02,0.0,0.0,0.61,0.01
1,22,9,320,9,0.0,0.0,255,151,0.59,0.33,0.0,0.0,0.01,0.38
2,11,9,44,106,0.0,0.02,255,254,1.0,0.01,0.0,0.0,0.0,0.0
1,22,9,304,22,0.0,0.0,22,255,1.0,0.0,0.05,0.04,0.0,0.0
2,11,9,44,3,0.0,0.0,255,225,0.88,0.01,0.01,0.0,0.0,0.04
0,58,9,36,1,0.0,0.0,138,37,0.27,0.06,0.27,0.0,0.01,0.0
1,22,9,54540,5,0.0,0.0,255,242,0.95,0.01,0.0,0.0,0.0,0.06
1,22,9,272,24,0.0,0.0,186,255,1.0,0.0,0.01,0.02,0.0,0.0
1,22,9,321,9,0.0,0.0,13,255,1.0,0.0,0.08,0.03,0.0,0.0
2,45,9,47,1,0.0,0.0,255,255,1.0,0.0,0.01,0.0,0.0,0.0
1,22,9,279,2,0.0,0.0,152,255,1.0,0.0,0.01,0.03,0.0,0.0
1,19,9,768,9,0.0,0.0,82,37,0.45,0.06,0.45,0.0,0.0,0.0
1,3,9,13,1,0.0,0.0,142,3,0.02,0.04,0.01,0.0,0.0,0.0
1,19,9,283618,2,0.0,0.0,4,14,1.0,0.0,1.0,0.14,0.0,0.0
1,43,9,26,1,0.0,0.0,148,131,0.88,0.02,0.01,0.02,0.0,0.07
1,49,9,1397,1,0.0,0.0,193,122,0.63,0.08,0.01,0.0,0.0,0.02
1,19,9,252,2,0.0,0.0,65,7,0.11,0.08,0.11,0.0,0.0,0.0
1,18,9,160,1,0.0,0.0,101,6,0.06,0.62,0.01,0.0,0.0,0.62
1,22,9,241,1,0.0,0.0,1,123,1.0,0.0,1.0,0.02,0.0,0.0
2,11,9,44,83,0.0,0.0,255,255,1.0,0.0,0.0,0.0,0.0,0.0
1,22,9,247,9,0.0,0.0,255,255,1.0,0.0,0.0,0.0,0.01,0.0
1,22,9,343,1,0.0,0.0,196,255,1.0,0.0,0.01,0.01,0.0,0.0
1,22,9,293,2,0.0,0.0,9,255,1.0,0.0,0.11,0.02,0.0,0.0
1,49,9,4255,1,0.0,0.0,143,152,0.83,0.03,0.01,0.01,0.0,0.0
2,45,9,1,57,0.0,1.0,255,1,0.0,0.7,0.96,0.0,0.0,0.04
1,22,4,60884,73,0.03,0.0,255,253,0.99,0.01,0.0,0.0,0.01,0.35
1,22,9,256,3,0.0,0.0,120,255,1.0,0.0,0.01,0.05,0.0,0.0
1,22,9,193,1,0.0,0.0,223,220,0.99,0.01,0.0,0.0,0.0,0.01
1,22,9,238,1,0.0,0.0,1,255,1.0,0.0,1.0,0.04,0.0,0.0
2,45,9,1,143,0.0,0.7,255,9,0.04,0.86,1.0,0.0,0.0,0.0
1,22,9,257,15,0.07,0.0,255,255,1.0,0.0,0.0,0.0,0.0,0.0
1,22,9,239,6,0.0,0.0,255,7,0.03,0.01,0.0,0.0,0.02,0.02
2,45,9,105,1,0.0,0.0,43,42,0.98,0.05,0.02,0.0,0.0,0.0
1,22,9,327,19,0.0,0.0,255,255,1.0,0.0,0.0,0.0,0.0,0.0
1,22,9,225,10,0.0,0.0,163,255,1.0,0.0,0.01,0.04,0.0,0.0
1,22,9,334,3,0.0,0.0,255,245,0.96,0.01,0.0,0.0,0.0,0.0
1,22,4,56504,61,0.02,0.0,255,255,1.0,0.0,0.0,0.0,0.0,0.23
1,22,9,245,11,0.0,0.0,255,255,1.0,0.0,0.0,0.0,0.0,0.0
1,18,9,26,1,0.0,0.0,255,129,0.51,0.03,0.0,0.0,0.0,0.0
2,45,9,46,6,0.0,0.0,255,255,1.0,0.0,0.0,0.0,0.0,0.0
1,22,9,321,4,0.0,0.0,22,255,1.0,0.0,0.05,0.05,0.0,0.0
1,22,4,56504,8,0.0,0.0,255,244,0.96,0.01,0.0,0.0,0.02,0.51
1,22,9,209,12,0.0,0.0,255,255,1.0,0.0,0.0,0.0,0.0,0.0
1,22,5,0,129,1.0,0.0,255,255,1.0,0.0,0.0,0.0,0.72,0.25
1,22,9,271,2,0.0,0.0,79,255,1.0,0.0,0.01,0.02,0.0,0.0
1,55,5,0,42,1.0,0.0,115,51,0.44,0.15,0.01,0.0,0.37,0.04
2,45,9,105,1,0.0,0.0,169,168,0.99,0.01,0.01,0.0,0.0,0.0
1,49,9,1620,1,0.0,0.0,158,147,0.77,0.04,0.01,0.01,0.0,0.0
1,22,9,202,37,0.0,0.0,50,255,1.0,0.0,0.02,0.04,0.0,0.0
1,22,9,54540,4,0.0,0.0,255,229,0.9,0.01,0.0,0.0,0.0,0.01
1,22,9,241,7,0.0,0.0,255,255,1.0,0.0,0.0,0.0,0.0,0.0
1,19,9,12,1,0.0,0.0,14,21,0.93,0.14,0.93,0.1,0.0,0.0
1,55,8,0,1,1.0,0.0,255,101,0.4,0.53,0.0,0.0,0.3,0.51
2,11,9,44,64,0.0,0.0,255,255,1.0,0.0,0.01,0.0,0.0,0.0
1,22,9,287,28,0.0,0.0,28,255,1.0,0.0,0.04,0.01,0.0,0.0
1,55,9,124,1,0.0,0.0,255,2,0.01,0.02,0.0,0.0,0.0,0.0
1,22,9,361,10,0.0,0.0,255,255,1.0,0.0,0.0,0.0,0.0,0.0
2,45,9,56,511,0.0,0.0,255,255,1.0,0.0,0.95,0.0,0.0,0.0
1,22,5,0,115,1.0,0.0,255,255,1.0,0.0,0.0,0.0,0.67,0.3
1,22,9,231,15,0.0,0.0,32,255,1.0,0.0,0.03,0.02,0.0,0.0
1,22,9,150,1,0.0,0.0,53,255,1.0,0.0,0.02,0.05,0.0,0.0
1,49,9,924,1,0.0,0.0,255,170,0.67,0.02,0.0,0.0,0.0,0.02
1,22,9,318,1,0.0,0.0,2,255,1.0,0.0,0.5,0.03,0.0,0.0
1,22,9,298,6,0.0,0.0,30,255,1.0,0.0,0.03,0.02,0.0,0.0
1,22,9,260,1,0.0,0.0,119,247,1.0,0.0,0.01,0.02,0.0,0.0
1,43,9,30,1,0.0,0.0,255,231,0.91,0.04,0.0,0.0,0.0,0.0
1,22,9,225,11,0.0,0.0,255,255,1.0,0.0,0.0,0.0,0.0,0.0
1,18,9,210,1,0.0,0.0,140,16,0.11,0.06,0.01,0.0,0.0,0.0
2,45,9,1,65,0.0,0.94,255,2,0.01,0.7,0.97,0.0,0.0,0.03
2,45,9,53,508,0.0,0.0,255,255,1.0,0.0,0.82,0.0,0.0,0.0
1,22,9,240,11,0.0,0.0,37,255,1.0,0.0,0.03,0.02,0.0,0.0
2,11,9,32,1,0.0,0.0,129,59,0.24,0.04,0.24,0.03,0.0,0.0
1,22,4,57184,23,0.22,0.0,255,255,1.0,0.0,0.0,0.0,0.03,0.65
1,22,9,220,6,0.0,0.0,255,255,1.0,0.0,0.0,0.0,0.0,0.0
1,22,9,361,25,0.0,0.0,82,224,1.0,0.0,0.01,0.02,0.0,0.0
1,22,9,243,25,0.0,0.0,107,255,1.0,0.0,0.01,0.03,0.0,0.0
1,17,9,10,1,0.0,0.0,255,2,0.01,0.02,0.0,0.0,0.0,0.79
2,11,9,44,123,0.0,0.0,255,254,1.0,0.01,0.0,0.0,0.0,0.0
1,19,9,283618,2,0.0,0.0,4,10,1.0,0.0,1.0,0.2,0.0,0.0
2,40,9,115,13,0.0,0.0,244,13,0.05,0.04,0.11,0.0,0.0,0.07
1,49,9,16550,1,0.0,0.0,224,142,0.63,0.03,0.0,0.0,0.0,0.0
1,22,9,211,4,0.0,0.0,65,255,1.0,0.0,0.02,0.03,0.0,0.0
1,22,9,273,6,0.0,0.0,42,255,1.0,0.0,0.02,0.04,0.0,0.0
2,40,9,1,370,0.0,1.0,255,1,0.0,1.0,1.0,0.0,0.0,0.0
2,11,9,36,10,0.0,0.0,49,49,1.0,0.0,1.0,0.0,0.0,0.0
1,22,9,218,3,0.0,0.0,3,152,1.0,0.0,0.33,0.03,0.0,0.0
2,45,9,1,473,0.0,0.96,255,20,0.08,0.93,0.99,0.0,0.0,0.0
2,45,9,53,511,0.0,0.0,255,255,1.0,0.0,0.91,0.0,0.0,0.0
1,22,9,215,12,0.0,0.0,96,255,1.0,0.0,0.01,0.06,0.0,0.0
1,22,9,330,15,0.0,0.0,255,255,1.0,0.0,0.0,0.0,0.0,0.0
1,22,9,331,33,0.0,0.0,255,255,1.0,0.0,0.0,0.0,0.0,0.0
2,45,9,105,1,0.0,0.0,255,251,0.98,0.01,0.01,0.0,0.0,0.0
1,22,9,54540,2,0.0,0.0,255,239,0.94,0.01,0.0,0.0,0.0,0.02
1,22,9,317,2,0.0,0.0,37,255,1.0,0.0,0.03,0.05,0.03,0.0
1,49,9,763,1,0.0,0.0,91,195,0.87,0.04,0.01,0.01,0.0,0.0
1,55,9,125,1,0.0,0.0,255,12,0.05,0.02,0.0,0.0,0.0,0.0
1,22,9,214,1,0.0,0.0,255,255,1.0,0.0,0.0,0.0,0.0,0.0
2,11,9,44,150,0.0,0.01,255,254,1.0,0.01,0.0,0.0,0.0,0.0
1,18,9,161,1,0.0,0.0,255,97,0.38,0.03,0.0,0.0,0.0,0.0
1,22,9,301,17,0.0,0.0,255,255,1.0,0.0,0.0,0.0,0.0,0.0
2,11,9,42,9,0.0,0.0,255,255,1.0,0.0,0.01,0.0,0.0,0.0
2,11,9,44,102,0.0,0.0,255,208,0.82,0.01,0.01,0.0,0.0,0.0
2,11,9,43,5,0.0,0.0,255,248,0.97,0.01,0.0,0.0,0.0,0.0
1,19,9,283618,2,0.0,0.0,37,76,0.22,0.16,0.22,0.03,0.0,0.0
1,22,5,0,42,0.64,0.0,255,255,1.0,0.0,0.0,0.0,0.14,0.7
1,19,9,11,2,0.0,0.0,255,4,0.02,0.02,0.02,0.0,0.87,0.01
1,22,9,294,4,0.0,0.0,20,251,1.0,0.0,0.05,0.04,0.0,0.0
1,49,9,1428,1,0.0,0.0,175,93,0.25,0.03,0.01,0.02,0.0,0.0
1,22,9,162,2,0.5,0.0,255,255,1.0,0.0,0.0,0.0,0.01,0.0
1,22,9,323,1,0.0,0.0,2,190,1.0,0.0,0.5,0.09,0.0,0.0
1,22,4,61504,28,0.0,0.0,255,255,1.0,0.0,0.0,0.0,0.0,0.56
1,19,9,12,1,0.0,0.0,1,8,1.0,0.0,1.0,0.25,0.0,0.0
1,49,9,1684,1,0.0,0.0,255,4,0.02,0.02,0.0,0.0,0.0,0.04
1,22,9,249,1,0.0,0.0,78,255,1.0,0.0,0.01,0.04,0.0,0.0
1,22,9,298,5,0.0,0.0,113,251,1.0,0.0,0.01,0.04,0.0,0.0
1,43,9,32,1,0.0,0.0,214,195,0.91,0.01,0.0,0.0,0.0,0.05
1,22,9,287,13,0.0,0.0,51,255,1.0,0.0,0.02,0.05,0.0,0.0
1,22,4,57964,73,0.03,0.0,255,253,0.99,0.01,0.0,0.0,0.01,0.41
1,22,9,235,2,0.0,0.0,24,177,1.0,0.0,0.04,0.05,0.0,0.0
1,22,9,218,18,0.0,0.0,255,255,1.0,0.0,0.0,0.0,0.01,0.0
1,22,9,219,8,0.0,0.0,95,253,1.0,0.0,0.01,0.05,0.0,0.0
1,22,9,222,4,0.0,0.0,255,255,1.0,0.0,0.0,0.0,0.0,0.0
1,22,9,240,3,0.0,0.0,48,255,1.0,0.0,0.02,0.04,0.0,0.0
1,22,9,234,18,0.0,0.0,255,255,1.0,0.0,0.0,0.0,0.0,0.0
1,49,9,988,1,0.0,0.0,190,169,0.68,0.02,0.01,0.01,0.0,0.0
2,45,9,105,1,0.0,0.0,255,252,0.99,0.01,0.01,0.0,0.0,0.0
1,22,9,231,5,0.0,0.0,115,255,1.0,0.0,0.01,0.02,0.0,0.0
2,45,9,53,503,0.0,0.0,255,255,1.0,0.0,0.82,0.0,0.0,0.0
2,11,9,45,73,0.0,0.03,255,254,1.0,0.01,0.01,0.0,0.0,0.0
1,55,8,0,1,1.0,0.0,255,107,0.42,0.03,0.0,0.0,0.12,0.11
1,22,9,216,7,0.0,0.0,46,255,1.0,0.0,0.02,0.01,0.0,0.0
1,18,9,162,1,0.0,0.0,255,17,0.07,0.02,0.0,0.0,0.14,0.25
1,22,9,230,15,0.0,0.0,255,255,1.0,0.0,0.0,0.0,0.0,0.0
1,22,4,59424,64,0.03,0.0,255,253,0.99,0.01,0.0,0.0,0.01,0.51
2,11,9,42,145,0.0,0.0,255,255,1.0,0.0,0.0,0.0,0.0,0.0
1,55,9,123,2,0.0,0.0,255,254,1.0,0.01,0.0,0.0,0.01,0.01
2,45,9,105,3,0.0,0.0,255,254,1.0,0.01,0.0,0.0,0.0,0.0
1,22,4,60884,37,0.03,0.0,255,255,1.0,0.0,0.0,0.0,0.0,0.14
1,49,9,5072,1,0.0,0.0,226,106,0.47,0.04,0.0,0.0,0.0,0.0
1,22,9,204,13,0.0,0.0,255,255,1.0,0.0,0.0,0.0,0.0,0.0
2,45,9,55,318,0.0,0.0,255,255,1.0,0.0,0.93,0.0,0.0,0.0
2,11,9,44,107,0.0,0.0,255,255,1.0,0.0,0.0,0.0,0.0,0.0
1,43,9,30,1,0.0,0.0,255,252,0.99,0.01,0.0,0.0,0.0,0.0
1,22,4,75904,28,0.0,0.0,255,253,0.99,0.01,0.0,0.0,0.01,0.6
1,22,9,212,6,0.0,0.0,86,253,1.0,0.0,0.01,0.06,0.0,0.0
1,19,9,192,2,0.0,0.0,79,4,0.05,0.05,0.05,0.0,0.0,0.0
1,22,9,222,8,0.0,0.0,47,255,1.0,0.0,0.02,0.01,0.0,0.0
1,19,9,283618,2,0.0,0.0,9,10,0.89,0.22,0.89,0.2,0.0,0.0
1,22,5,0,92,1.0,0.0,255,255,1.0,0.0,0.0,0.0,0.75,0.22
1,55,8,1,1,1.0,0.0,255,62,0.24,0.02,0.0,0.0,0.78,0.01
1,22,9,360,19,0.05,0.0,255,255,1.0,0.0,0.0,0.0,0.01,0.0
1,22,9,256,15,0.0,0.0,56,236,1.0,0.0,0.02,0.02,0.0,0.0
1,49,9,4485,1,0.0,0.0,255,7,0.03,0.02,0.0,0.0,0.01,0.01
1,18,9,162,4,0.0,0.5,255,1,0.0,0.04,0.0,0.0,0.0,0.04
1,22,9,294,5,0.0,0.0,5,255,1.0,0.0,0.2,0.03,0.0,0.0
1,22,9,227,2,0.0,0.0,6,255,1.0,0.0,0.17,0.03,0.0,0.0
1,22,9,304,3,0.0,0.0,255,220,0.86,0.02,0.0,0.0,0.0,0.08
1,40,9,10073,11,0.0,1.0,30,1,0.03,0.43,0.7,0.0,0.0,0.0
1,22,9,244,4,0.0,0.0,255,255,1.0,0.0,0.0,0.0,0.0,0.0
1,55,9,2615,1,0.0,0.0,10,2,0.2,0.2,0.1,0.0,0.0,0.0
1,22,9,310,11,0.0,0.0,173,255,1.0,0.0,0.01,0.01,0.0,0.0
1,22,9,224,2,0.0,0.0,2,255,1.0,0.0,0.5,0.02,0.0,0.0
2,11,9,44,3,0.0,0.67,255,250,0.98,0.01,0.01,0.0,0.0,0.0
1,22,9,212,2,0.0,0.0,34,255,1.0,0.0,0.03,0.07,0.03,0.0
2,45,9,45,2,0.0,0.0,255,255,1.0,0.0,0.02,0.0,0.0,0.0
2,45,9,105,1,0.0,0.0,255,254,1.0,0.01,0.0,0.0,0.0,0.0
1,55,9,0,1,0.0,0.0,255,33,0.13,0.04,0.0,0.0,0.0,0.08
2,45,9,105,1,0.0,0.0,255,254,1.0,0.01,0.01,0.0,0.0,0.0
1,22,9,209,18,0.0,0.0,198,255,1.0,0.0,0.01,0.03,0.0,0.0
1,22,9,177,1,0.0,0.0,255,248,0.97,0.01,0.0,0.0,0.0,0.0
1,55,9,119,3,0.0,0.0,255,69,0.27,0.02,0.0,0.0,0.0,0.01
1,22,9,239,19,0.0,0.0,42,106,1.0,0.0,0.02,0.02,0.0,0.0
1,19,9,738,2,0.0,0.0,170,44,0.26,0.02,0.26,0.0,0.01,0.02
1,55,8,0,1,1.0,0.0,255,111,0.44,0.5,0.0,0.0,0.34,0.49
1,22,9,219,6,0.0,0.0,6,255,1.0,0.0,0.17,0.03,0.0,0.0
1,19,9,283618,1,0.0,0.0,1,17,1.0,0.0,1.0,0.24,0.0,0.0
1,55,9,0,1,0.0,0.0,255,162,0.64,0.02,0.0,0.0,0.53,0.01
2,11,9,44,165,0.0,0.01,255,254,1.0,0.01,0.0,0.0,0.0,0.0
1,22,9,54540,3,0.0,0.0,255,254,1.0,0.01,0.0,0.0,0.0,0.05
2,45,9,45,5,0.0,0.0,255,255,1.0,0.0,0.01,0.0,0.0,0.0
1,22,9,235,18,0.0,0.0,255,255,1.0,0.0,0.0,0.0,0.0,0.0
1,18,9,162,1,0.0,0.0,219,72,0.33,0.03,0.0,0.0,0.0,0.0
1,22,9,282,2,0.0,0.0,3,255,1.0,0.0,0.33,0.03,0.0,0.0
2,11,9,44,66,0.0,0.0,255,242,0.95,0.01,0.01,0.0,0.0,0.0
1,22,9,337,16,0.0,0.0,48,255,1.0,0.0,0.02,0.01,0.0,0.0
1,22,9,213,3,0.0,0.0,23,255,1.0,0.0,0.04,0.02,0.0,0.0
1,22,9,324,9,0.0,0.0,255,255,1.0,0.0,0.0,0.0,0.0,0.0
1,55,8,0,1,1.0,0.0,255,129,0.51,0.03,0.0,0.0,0.21,0.11
1,22,9,325,3,0.0,0.0,255,255,1.0,0.0,0.0,0.0,0.0,0.0
1,22,4,59424,92,0.01,0.0,255,255,1.0,0.0,0.0,0.0,0.0,0.35
1,22,9,235,3,0.0,0.0,40,245,1.0,0.0,0.03,0.03,0.0,0.0
1,22,9,54540,3,0.0,0.0,255,255,1.0,0.0,0.0,0.0,0.0,0.04
1,22,9,164,1,0.0,0.0,8,255,1.0,0.0,0.12,0.02,0.0,0.0
1,22,9,314,14,0.0,0.0,28,255,1.0,0.0,0.04,0.01,0.04,0.0
2,11,9,45,158,0.0,0.01,255,254,1.0,0.01,0.0,0.0,0.0,0.0
1,43,9,30,1,0.0,0.0,50,11,0.22,0.1,0.02,0.0,0.0,0.0
2,45,9,54,494,0.0,0.0,255,255,1.0,0.0,1.0,0.0,0.0,0.0
1,22,9,361,24,0.0,0.0,255,255,1.0,0.0,0.0,0.0,0.0,0.0
1,19,9,42562,1,0.0,0.0,60,17,0.13,0.08,0.13,0.12,0.0,0.0
1,22,4,72564,12,0.0,0.0,255,237,0.93,0.01,0.0,0.0,0.0,0.18
1,22,9,210,15,0.0,0.0,173,255,1.0,0.0,0.01,0.01,0.0,0.0
1,22,9,307,39,0.0,0.0,80,255,1.0,0.0,0.01,0.03,0.0,0.0
1,22,9,326,12,0.0,0.0,65,255,1.0,0.0,0.02,0.05,0.0,0.0
2,11,9,46,181,0.0,0.0,255,255,1.0,0.0,0.0,0.0,0.0,0.0
1,22,9,262,1,0.0,0.0,1,255,1.0,0.0,1.0,0.04,0.0,0.0
1,22,9,313,2,0.0,0.0,255,255,1.0,0.0,0.0,0.0,0.0,0.0
1,22,9,276,6,0.0,0.0,72,255,1.0,0.0,0.01,0.02,0.0,0.0
1,19,9,868,1,0.0,0.0,43,17,0.12,0.07,0.12,0.18,0.0,0.0
1,19,9,283618,2,0.0,0.0,128,28,0.22,0.06,0.22,0.0,0.0,0.0
1,22,9,333,10,0.0,0.0,255,255,1.0,0.0,0.0,0.0,0.0,0.0
1,22,5,0,67,1.0,0.0,255,255,1.0,0.0,0.0,0.0,0.83,0.14
1,22,9,208,23,0.0,0.0,180,255,1.0,0.0,0.01,0.02,0.0,0.0
1,22,4,62344,41,0.0,0.0,255,253,0.99,0.01,0.0,0.0,0.0,0.2
1,18,9,157,1,0.0,0.0,255,5,0.02,0.02,0.0,0.0,0.33,0.07
2,45,9,105,1,0.0,0.0,9,9,1.0,0.0,0.11,0.0,0.0,0.0
2,40,9,146,1,0.0,0.0,255,10,0.04,0.04,0.15,0.0,0.0,0.0
1,40,9,319,2,0.0,1.0,101,1,0.01,0.08,0.2,0.0,0.0,0.0
1,22,9,310,23,0.0,0.0,255,255,1.0,0.0,0.0,0.0,0.0,0.0
1,22,9,293,10,0.0,0.0,255,255,1.0,0.0,0.0,0.0,0.0,0.0
1,22,9,210,1,0.0,0.0,119,255,1.0,0.0,0.01,0.01,0.0,0.0
1,49,9,3190,1,0.0,0.0,118,74,0.63,0.04,0.01,0.0,0.0,0.01
1,22,9,275,1,0.0,0.0,17,160,1.0,0.0,0.06,0.06,0.0,0.0
1,19,9,283618,1,0.0,0.0,140,42,0.18,0.04,0.18,0.05,0.0,0.0
1,55,9,0,1,0.0,0.0,255,248,0.97,0.02,0.0,0.0,0.33,0.04
2,11,9,43,130,0.0,0.0,255,254,1.0,0.01,0.0,0.0,0.0,0.0
1,22,9,348,19,0.0,0.0,49,255,1.0,0.0,0.02,0.07,0.02,0.0
1,55,9,0,1,0.0,0.0,255,74,0.29,0.02,0.0,0.0,0.71,0.01
1,22,5,0,45,1.0,0.0,255,255,1.0,0.0,0.0,0.0,0.25,0.7
1,22,9,301,1,0.0,0.0,255,229,0.9,0.01,0.0,0.0,0.0,0.03
1,22,9,54540,4,0.0,0.0,255,231,0.91,0.01,0.0,0.0,0.0,0.02
1,22,5,0,33,0.55,0.0,255,255,1.0,0.0,0.0,0.0,0.1,0.7
1,22,9,379,9,0.0,0.0,255,255,1.0,0.0,0.0,0.0,0.0,0.0
1,22,9,169,5,0.0,0.0,16,255,1.0,0.0,0.06,0.02,0.0,0.0
1,55,9,0,1,0.0,0.0,255,248,0.97,0.02,0.0,0.0,0.33,0.04
1,22,9,290,3,0.0,0.0,24,255,1.0,0.0,0.04,0.02,0.0,0.0
1,19,9,40494,9,0.0,0.0,88,38,0.22,0.05,0.22,0.05,0.0,0.0
2,45,9,105,2,0.0,1.0,255,254,1.0,0.01,0.01,0.0,0.0,0.0
1,22,9,226,12,0.0,0.0,108,255,1.0,0.0,0.01,0.02,0.0,0.0
1,18,9,164,1,0.0,0.0,255,3,0.01,0.15,0.0,0.0,0.0,0.13
1,22,9,209,6,0.0,0.0,48,243,1.0,0.0,0.02,0.03,0.0,0.0
1,22,9,219,1,0.0,0.0,8,255,1.0,0.0,0.12,0.05,0.0,0.0
2,45,9,105,2,0.0,0.0,255,255,1.0,0.0,0.0,0.0,0.0,0.0
1,22,9,352,18,0.0,0.0,39,253,1.0,0.0,0.03,0.05,0.0,0.0
1,18,9,160,1,0.0,0.0,65,33,0.51,0.05,0.02,0.0,0.0,0.0
1,49,9,718,1,0.0,0.0,55,168,0.84,0.04,0.02,0.01,0.0,0.0
1,22,9,296,1,0.0,0.0,8,255,1.0,0.0,0.12,0.01,0.0,0.0
1,22,9,288,32,0.0,0.0,255,255,1.0,0.0,0.0,0.0,0.0,0.0
1,22,9,295,2,0.0,0.0,33,255,1.0,0.0,0.03,0.02,0.0,0.0
1,18,9,160,1,0.0,0.0,239,82,0.34,0.03,0.0,0.0,0.0,0.0
1,22,9,54540,4,0.0,0.0,255,246,0.96,0.01,0.0,0.0,0.0,0.06
1,22,9,287,5,0.0,0.0,158,255,1.0,0.0,0.01,0.02,0.0,0.0
1,17,9,6,1,0.0,0.0,193,11,0.06,0.03,0.01,0.0,0.0,0.01
1,22,9,220,3,0.0,0.0,3,13,1.0,0.0,0.33,0.23,0.0,0.0
1,43,9,26,1,0.0,0.0,85,75,0.87,0.04,0.01,0.03,0.0,0.08
1,22,9,292,3,0.0,0.0,255,255,1.0,0.0,0.0,0.0,0.0,0.0
1,22,9,212,1,0.0,0.0,1,255,1.0,0.0,1.0,0.06,0.0,0.0
1,22,9,352,9,0.0,0.0,9,177,1.0,0.0,0.11,0.06,0.0,0.0
1,22,9,254,2,0.0,0.0,36,255,1.0,0.0,0.03,0.01,0.0,0.0
1,49,9,741,1,0.0,0.0,15,85,0.93,0.13,0.07,0.02,0.0,0.0
1,22,9,304,4,0.0,0.0,255,226,0.89,0.02,0.0,0.0,0.0,0.03
1,22,9,281,11,0.0,0.0,23,255,1.0,0.0,0.04,0.01,0.0,0.0
1,19,9,383,2,0.0,0.0,208,23,0.11,0.02,0.11,0.0,0.0,0.0
1,40,9,267,1,0.0,0.0,255,11,0.04,0.01,0.0,0.0,0.0,0.04
2,45,9,52,511,0.0,0.0,255,255,1.0,0.0,0.83,0.0,0.0,0.0
1,22,9,236,3,0.0,0.0,34,255,1.0,0.0,0.03,0.03,0.0,0.0
2,45,9,45,4,0.0,0.0,255,254,1.0,0.01,0.01,0.0,0.0,0.0
1,43,9,28,1,0.0,0.0,142,125,0.87,0.02,0.01,0.02,0.0,0.07
1,22,9,316,8,0.0,0.0,245,255,1.0,0.0,0.0,0.02,0.0,0.0
1,22,9,309,3,0.0,0.0,28,254,1.0,0.0,0.04,0.04,0.0,0.0
1,22,9,320,9,0.0,0.0,112,255,1.0,0.0,0.01,0.02,0.0,0.0
1,18,9,158,1,0.0,0.0,255,72,0.28,0.03,0.0,0.0,0.05,0.02
2,40,9,1,450,0.0,1.0,255,1,0.0,1.0,1.0,0.0,0.0,0.0
2,45,9,49,3,0.0,0.0,255,253,0.99,0.01,0.01,0.0,0.0,0.0
2,11,9,46,120,0.0,0.0,255,254,1.0,0.01,0.0,0.0,0.0,0.0
1,22,9,217,1,0.0,0.0,7,255,1.0,0.0,0.14,0.09,0.14,0.0
1,49,9,18290,1,0.0,0.0,219,165,0.7,0.03,0.0,0.01,0.0,0.0
1,22,9,330,1,0.0,0.0,1,255,1.0,0.0,1.0,0.03,0.0,0.0
1,22,4,56504,69,0.03,0.0,255,253,0.99,0.01,0.0,0.0,0.01,0.39
2,45,9,105,4,0.0,0.5,255,253,0.99,0.01,0.0,0.0,0.0,0.0
1,55,9,162,1,0.0,0.0,3,72,0.33,0.67,0.33,0.03,0.0,0.0
2,45,9,1,123,0.0,0.64,255,1,0.0,0.86,1.0,0.0,0.0,0.0
2,45,9,1,131,0.0,0.58,255,20,0.08,0.76,1.0,0.0,0.0,0.0
1,22,9,292,14,0.0,0.0,255,255,1.0,0.0,0.0,0.0,0.0,0.0
1,22,9,342,22,0.0,0.0,226,255,1.0,0.0,0.0,0.01,0.0,0.0
1,19,9,9,2,0.0,0.0,255,40,0.16,0.02,0.16,0.0,0.55,0.02
2,45,9,42,4,0.0,0.5,255,254,1.0,0.01,0.01,0.0,0.0,0.0
1,22,9,251,1,0.0,0.0,255,255,1.0,0.0,0.0,0.0,0.0,0.0
2,45,9,105,1,0.0,0.0,255,254,1.0,0.01,0.01,0.0,0.0,0.0
1,22,9,330,19,0.0,0.0,255,255,1.0,0.0,0.0,0.0,0.0,0.0
1,19,9,12,2,0.0,0.0,23,10,0.17,0.09,0.17,0.3,0.0,0.0
1,22,9,274,8,0.0,0.0,48,255,1.0,0.0,0.02,0.03,0.0,0.0
2,45,9,1,151,0.0,0.9,255,1,0.0,0.94,1.0,0.0,0.0,0.0
1,43,9,30,1,0.0,0.0,255,254,1.0,0.01,0.0,0.0,0.0,0.0
1,55,8,0,1,1.0,0.0,255,137,0.54,0.02,0.0,0.0,0.53,0.01
1,43,9,32,1,0.0,0.0,255,249,0.98,0.01,0.0,0.0,0.0,0.0
1,22,9,188,17,0.0,0.0,17,251,1.0,0.0,0.06,0.06,0.0,0.0
1,19,9,3909,7,0.0,0.29,135,28,0.21,0.06,0.21,0.0,0.0,0.0
1,55,9,123,1,0.0,0.0,147,2,0.01,0.04,0.01,0.0,0.0,0.0
1,22,9,189,2,0.0,0.0,255,251,0.98,0.01,0.0,0.0,0.0,0.0
1,22,9,314,15,0.0,0.0,255,255,1.0,0.0,0.0,0.0,0.0,0.0
2,45,9,47,4,0.0,0.0,255,253,0.99,0.01,0.01,0.0,0.0,0.0
1,22,9,296,20,0.0,0.0,48,255,1.0,0.0,0.02,0.02,0.0,0.0
1,18,9,160,1,0.0,0.0,255,20,0.08,0.02,0.0,0.0,0.56,0.02
1,22,9,307,13,0.0,0.0,255,255,1.0,0.0,0.0,0.0,0.0,0.0
2,11,9,44,177,0.0,0.0,255,228,0.89,0.01,0.01,0.0,0.0,0.0
1,43,9,32,1,0.0,0.0,255,200,0.78,0.02,0.0,0.0,0.0,0.07
2,45,9,105,1,0.0,0.0,255,247,0.97,0.01,0.01,0.0,0.0,0.0
1,55,8,0,1,1.0,0.0,255,133,0.52,0.02,0.0,0.0,0.53,0.01
1,22,9,292,13,0.0,0.0,125,255,1.0,0.0,0.01,0.03,0.0,0.0
1,49,9,2599,3,0.0,0.67,255,244,0.96,0.05,0.0,0.0,0.0,0.04
1,22,9,241,28,0.0,0.0,67,255,1.0,0.0,0.01,0.01,0.01,0.0
2,45,9,47,2,0.0,0.0,255,255,1.0,0.0,0.02,0.0,0.0,0.0
2,11,9,44,205,0.0,0.0,255,255,1.0,0.0,0.0,0.0,0.0,0.0
1,22,9,236,11,0.0,0.0,226,255,1.0,0.0,0.0,0.01,0.0,0.0
1,19,9,294812,1,0.0,0.0,26,26,0.15,0.15,0.15,0.12,0.0,0.0
1,22,9,54540,3,0.0,0.0,255,254,1.0,0.01,0.0,0.0,0.0,0.04
1,18,9,158,1,0.0,0.0,255,70,0.27,0.03,0.0,0.0,0.06,0.02
1,55,9,0,1,0.0,0.0,255,249,0.98,0.02,0.0,0.0,0.27,0.01
1,43,9,30,1,0.0,0.0,255,222,0.87,0.04,0.0,0.0,0.0,0.0
2,11,9,44,140,0.0,0.0,255,255,1.0,0.0,0.01,0.0,0.0,0.0
1,22,9,237,1,0.0,0.0,1,255,1.0,0.0,1.0,0.08,0.0,0.0
2,11,9,44,111,0.0,0.0,255,255,1.0,0.0,0.0,0.0,0.0,0.0
1,22,9,185,1,0.0,0.0,255,243,0.95,0.02,0.0,0.0,0.0,0.0
1,22,9,331,14,0.0,0.0,14,255,1.0,0.0,0.07,0.02,0.0,0.0
1,18,9,164,1,0.0,0.0,255,21,0.08,0.02,0.0,0.0,0.56,0.02
1,22,9,293,7,0.0,0.0,37,255,1.0,0.0,0.03,0.01,0.0,0.0
1,55,9,24,4,0.0,0.75,140,87,0.3,0.04,0.01,0.02,0.01,0.91
1,22,9,221,8,0.0,0.0,255,255,1.0,0.0,0.0,0.0,0.0,0.0
1,22,9,226,3,0.0,0.0,3,255,1.0,0.0,0.33,0.04,0.0,0.0
2,45,9,105,1,0.0,0.0,255,252,0.99,0.01,0.0,0.0,0.0,0.0
1,55,8,0,1,1.0,0.0,255,100,0.39,0.03,0.0,0.0,0.09,0.11
1,49,9,907,1,0.0,0.0,231,101,0.42,0.03,0.0,0.02,0.0,0.0
1,18,9,158,1,0.0,0.0,255,95,0.37,0.03,0.0,0.0,0.0,0.0
2,45,9,54,511,0.0,0.0,255,255,1.0,0.0,0.84,0.0,0.0,0.0
1,43,9,32,1,0.0,0.0,255,217,0.85,0.02,0.0,0.0,0.0,0.07
1,22,9,221,4,0.0,0.0,255,255,1.0,0.0,0.0,0.0,0.0,0.0
1,22,9,340,1,0.0,0.0,169,255,1.0,0.0,0.01,0.02,0.0,0.0
2,45,9,54,511,0.0,0.0,255,255,1.0,0.0,1.0,0.0,0.0,0.0
1,22,9,220,4,0.0,0.0,4,255,1.0,0.0,0.25,0.05,0.0,0.0
1,22,9,300,4,0.0,0.0,255,245,0.96,0.02,0.0,0.0,0.0,0.0
1,22,9,233,1,0.0,0.0,3,3,1.0,0.0,0.33,0.0,0.0,0.0
2,40,9,1,285,0.0,1.0,255,1,0.0,1.0,0.99,0.0,0.0,0.0
1,22,9,206,5,0.0,0.0,103,255,1.0,0.0,0.01,0.05,0.0,0.0
1,22,9,372,48,0.0,0.0,255,255,1.0,0.0,0.0,0.0,0.0,0.0
2,45,9,105,2,0.0,1.0,255,254,1.0,0.01,0.01,0.0,0.0,0.0
1,22,9,228,14,0.0,0.0,255,255,1.0,0.0,0.0,0.0,0.0,0.0
1,18,9,162,1,0.0,0.0,20,17,0.85,0.1,0.05,0.0,0.0,0.0
1,22,9,303,4,0.0,0.0,8,255,1.0,0.0,0.12,0.02,0.0,0.0
1,22,9,234,1,0.0,0.0,110,255,1.0,0.0,0.01,0.02,0.0,0.0
1,22,9,54540,3,0.0,0.0,255,251,0.98,0.01,0.0,0.0,0.0,0.0
1,22,9,207,1,0.0,0.0,3,3,1.0,0.0,0.33,0.0,0.0,0.0
1,22,9,323,8,0.0,0.0,94,255,1.0,0.0,0.01,0.06,0.0,0.0
1,18,9,162,1,0.0,0.0,255,19,0.07,0.02,0.0,0.0,0.58,0.02
1,22,9,218,4,0.0,0.0,11,255,1.0,0.0,0.09,0.05,0.0,0.0
0,58,9,36,1,0.0,0.0,255,81,0.32,0.03,0.32,0.0,0.0,0.01
1,22,9,322,24,0.0,0.0,241,255,1.0,0.0,0.0,0.01,0.0,0.0
1,18,9,26,1,0.0,0.0,67,37,0.55,0.06,0.01,0.0,0.0,0.0
1,22,9,234,3,0.0,0.0,15,255,1.0,0.0,0.07,0.02,0.0,0.0
1,18,9,327,2,0.0,1.0,230,62,0.27,0.03,0.0,0.0,0.0,0.01
1,22,4,37024,33,0.0,0.0,255,255,1.0,0.0,0.0,0.0,0.0,0.58
1,22,9,274,2,0.0,0.0,103,255,1.0,0.0,0.01,0.06,0.0,0.0
1,22,9,226,1,0.0,0.0,255,255,1.0,0.0,0.0,0.0,0.0,0.0
1,49,9,2599,2,0.0,0.0,255,69,0.27,0.14,0.0,0.0,0.0,0.71
1,22,9,273,3,0.0,0.0,6,255,1.0,0.0,0.17,0.03,0.0,0.0
1,22,9,280,1,0.0,0.0,4,255,1.0,0.0,0.25,0.02,0.0,0.0
1,22,9,242,5,0.0,0.0,5,255,1.0,0.0,0.2,0.01,0.0,0.0
1,22,9,193,1,0.0,0.0,11,255,1.0,0.0,0.09,0.06,0.0,0.0
1,22,9,171,3,0.0,0.0,31,255,1.0,0.0,0.03,0.01,0.0,0.0
1,22,9,210,3,0.0,0.0,54,255,1.0,0.0,0.02,0.04,0.0,0.0
1,43,9,32,1,0.0,0.0,255,241,0.95,0.02,0.0,0.0,0.0,0.02
1,22,9,299,1,0.0,0.0,1,255,1.0,0.0,1.0,0.02,0.0,0.0
1,22,9,267,1,0.0,0.0,33,255,1.0,0.0,0.03,0.08,0.0,0.0
1,18,9,160,1,0.0,0.0,21,18,0.86,0.1,0.05,0.0,0.0,0.0
1,22,9,328,11,0.0,0.0,24,255,1.0,0.0,0.04,0.02,0.0,0.0
2,11,9,43,8,0.0,0.0,255,251,0.98,0.01,0.0,0.0,0.0,0.0
1,49,9,2599,3,0.0,0.0,255,76,0.3,0.14,0.0,0.0,0.0,0.69
1,22,9,300,24,0.0,0.0,255,255,1.0,0.0,0.0,0.0,0.0,0.0
2,45,9,54,511,0.0,0.0,255,255,1.0,0.0,0.89,0.0,0.0,0.0
1,22,9,320,34,0.0,0.0,55,231,1.0,0.0,0.02,0.04,0.0,0.0
1,19,9,868,1,0.0,0.0,148,84,0.29,0.03,0.29,0.02,0.0,0.0
1,49,9,2599,3,0.0,0.67,255,247,0.97,0.04,0.0,0.0,0.0,0.03
1,22,9,200,29,0.0,0.0,116,255,1.0,0.0,0.01,0.02,0.0,0.0
1,22,9,214,19,0.0,0.0,232,232,1.0,0.0,0.0,0.0,0.0,0.0
1,22,9,307,11,0.0,0.0,69,255,1.0,0.0,0.01,0.02,0.0,0.0
1,43,9,30,1,0.0,0.0,255,246,0.96,0.01,0.0,0.0,0.0,0.0
1,22,9,286,19,0.0,0.0,205,255,1.0,0.0,0.0,0.02,0.0,0.0
1,22,9,222,4,0.0,0.0,255,255,1.0,0.0,0.0,0.0,0.0,0.0
1,55,8,0,1,1.0,0.0,255,102,0.4,0.03,0.0,0.0,0.1,0.11
1,55,8,0,1,1.0,0.0,255,140,0.55,0.02,0.0,0.0,0.53,0.01
1,55,9,0,1,0.0,0.0,255,248,0.97,0.02,0.0,0.0,0.27,0.01
1,22,9,200,15,0.0,0.0,45,255,1.0,0.0,0.02,0.01,0.0,0.0
1,22,9,222,19,0.0,0.0,40,255,1.0,0.0,0.03,0.02,0.0,0.0
2,45,9,54,508,0.0,0.0,255,255,1.0,0.0,0.86,0.0,0.0,0.0
1,22,9,286,4,0.0,0.0,168,255,1.0,0.0,0.01,0.04,0.0,0.0
2,45,9,1,70,0.0,0.87,255,10,0.04,0.71,0.91,0.0,0.0,0.09
1,22,9,304,7,0.0,0.0,255,225,0.88,0.02,0.0,0.0,0.0,0.07
1,22,9,233,27,0.0,0.0,195,255,1.0,0.0,0.01,0.01,0.0,0.0
2,45,9,45,2,0.0,0.0,255,255,1.0,0.0,0.0,0.0,0.0,0.0
2,11,9,45,198,0.0,0.01,255,254,1.0,0.01,0.01,0.0,0.0,0.0
1,22,9,284,2,0.0,0.0,255,255,1.0,0.0,0.0,0.0,0.0,0.0
1,17,9,7,1,0.0,0.0,112,8,0.07,0.04,0.01,0.0,0.0,0.0
1,22,9,278,6,0.0,0.0,66,255,1.0,0.0,0.02,0.04,0.0,0.0
1,22,9,345,13,0.0,0.0,255,255,1.0,0.0,0.0,0.0,0.0,0.0
1,22,9,220,6,0.0,0.0,144,255,1.0,0.0,0.01,0.03,0.0,0.0
1,22,9,307,5,0.0,0.0,255,255,1.0,0.0,0.0,0.0,0.0,0.0
2,45,9,105,1,0.0,0.0,70,69,0.99,0.03,0.03,0.0,0.0,0.0
1,22,9,311,4,0.0,0.0,255,255,1.0,0.0,0.0,0.0,0.0,0.0
2,45,9,1,144,0.0,0.98,255,1,0.0,0.99,1.0,0.0,0.0,0.0
1,43,9,28,1,0.0,0.0,46,45,0.96,0.04,0.02,0.04,0.0,0.0
1,22,9,257,11,0.0,0.0,255,255,1.0,0.0,0.0,0.0,0.0,0.0
1,49,9,2599,2,0.0,0.0,255,97,0.38,0.14,0.0,0.0,0.0,0.6
1,22,9,317,4,0.0,0.0,84,255,1.0,0.0,0.01,0.02,0.0,0.0
1,18,9,190,2,0.0,1.0,226,59,0.26,0.03,0.0,0.0,0.0,0.0
2,11,9,43,209,0.0,0.0,255,255,1.0,0.0,0.0,0.0,0.0,0.0
1,22,9,207,9,0.0,0.0,185,255,1.0,0.0,0.01,0.01,0.0,0.0
1,19,9,283618,2,0.0,0.0,4,20,1.0,0.0,1.0,0.15,0.0,0.0
1,22,9,267,7,0.0,0.0,17,255,1.0,0.0,0.06,0.04,0.0,0.0
1,22,9,253,9,0.0,0.0,255,255,1.0,0.0,0.0,0.0,0.0,0.0
1,22,9,184,4,0.0,0.0,136,253,1.0,0.0,0.01,0.03,0.0,0.0
1,22,9,231,4,0.0,0.0,61,255,1.0,0.0,0.02,0.02,0.0,0.0
1,22,9,294,19,0.0,0.0,255,255,1.0,0.0,0.0,0.0,0.0,0.0
1,22,9,321,6,0.0,0.0,6,59,1.0,0.0,0.17,0.17,0.0,0.0
1,22,9,215,10,0.0,0.0,255,255,1.0,0.0,0.0,0.0,0.0,0.0
1,18,9,162,1,0.0,0.0,255,1,0.0,0.08,0.0,0.0,0.0,1.0
1,19,9,192,2,0.0,0.0,96,68,0.67,0.05,0.67,0.03,0.0,0.0
1,22,9,227,10,0.0,0.0,125,255,1.0,0.0,0.01,0.02,0.0,0.0
1,18,9,162,1,0.0,0.0,255,99,0.39,0.03,0.01,0.0,0.02,0.01
1,49,9,0,2,0.0,1.0,255,125,0.49,0.03,0.0,0.0,0.0,0.0
2,11,9,44,87,0.0,0.0,255,255,1.0,0.0,0.0,0.0,0.0,0.0
2,11,9,44,1,0.0,0.0,255,226,0.89,0.01,0.0,0.0,0.0,0.04
1,22,9,189,20,0.0,0.0,255,255,1.0,0.0,0.0,0.0,0.0,0.0
1,49,9,1281,1,0.0,0.0,255,10,0.04,0.02,0.0,0.0,0.0,0.0
2,45,9,105,3,0.0,0.0,255,254,1.0,0.01,0.0,0.0,0.0,0.0
1,22,9,240,6,0.0,0.0,6,255,1.0,0.0,0.17,0.02,0.0,0.0
2,11,9,44,118,0.0,0.0,255,228,0.89,0.01,0.01,0.0,0.0,0.0
1,22,9,293,5,0.0,0.0,255,255,1.0,0.0,0.0,0.0,0.0,0.0
1,55,9,121,1,0.0,0.0,255,39,0.15,0.02,0.0,0.0,0.0,0.01
1,3,9,14,1,0.0,0.0,70,8,0.06,0.09,0.01,0.25,0.0,0.0
1,22,4,55044,71,0.01,0.0,255,255,1.0,0.0,0.0,0.0,0.0,0.27
1,55,9,120,1,0.0,0.0,255,254,1.0,0.01,0.0,0.0,0.01,0.02
1,22,9,328,5,0.0,0.0,25,255,1.0,0.0,0.04,0.01,0.0,0.0
1,22,9,348,3,0.0,0.0,45,255,1.0,0.0,0.02,0.01,0.0,0.0
1,43,9,28,1,0.0,0.0,255,247,0.97,0.01,0.0,0.0,0.0,0.02
1,22,9,286,2,0.0,0.0,2,2,1.0,0.0,0.5,0.0,0.0,0.0
1,22,9,210,1,0.0,0.0,95,255,1.0,0.0,0.01,0.03,0.0,0.0
1,22,9,327,2,0.0,0.0,255,126,0.49,0.02,0.0,0.0,0.0,0.0
1,22,9,328,3,0.0,0.0,43,255,1.0,0.0,0.02,0.02,0.0,0.0
1,22,9,223,14,0.0,0.0,14,255,1.0,0.0,0.07,0.04,0.0,0.0
0,58,9,36,1,0.0,0.0,204,54,0.26,0.04,0.26,0.0,0.01,0.0
1,22,9,307,2,0.0,0.0,52,251,1.0,0.0,0.02,0.04,0.0,0.0
1,40,9,6601,19,0.05,0.21,255,1,0.0,0.02,0.11,0.0,0.0,0.0
1,43,9,28,1,0.0,0.0,239,220,0.92,0.01,0.0,0.0,0.0,0.04
1,22,9,221,8,0.0,0.0,255,255,1.0,0.0,0.0,0.0,0.0,0.0
1,22,9,263,1,0.0,0.0,164,255,1.0,0.0,0.01,0.02,0.0,0.0
1,55,8,0,1,1.0,0.0,255,115,0.45,0.03,0.0,0.0,0.15,0.11
1,22,9,248,21,0.0,0.0,147,255,1.0,0.0,0.01,0.04,0.0,0.0
1,22,5,0,62,1.0,0.0,255,255,1.0,0.0,0.0,0.0,0.81,0.16
2,45,9,105,2,0.0,0.0,250,248,0.99,0.01,0.0,0.0,0.0,0.0
1,22,9,251,4,0.0,0.0,75,255,1.0,0.0,0.01,0.03,0.0,0.0
1,22,9,223,2,0.0,0.0,82,255,1.0,0.0,0.01,0.03,0.0,0.0
1,49,9,1103,1,0.0,0.0,255,2,0.01,0.01,0.0,0.0,0.01,0.05
1,22,9,161,1,0.0,0.0,1,255,1.0,0.0,1.0,0.03,0.0,0.0
1,19,9,8737,2,0.0,0.0,123,67,0.28,0.02,0.28,0.03,0.0,0.02
1,22,9,262,1,0.0,0.0,24,154,1.0,0.0,0.04,0.02,0.04,0.0
1,55,9,120,2,0.0,0.0,255,98,0.38,0.02,0.0,0.0,0.0,0.01
1,22,9,310,2,0.0,0.0,25,255,1.0,0.0,0.04,0.05,0.0,0.0
1,22,9,253,3,0.0,0.0,87,246,1.0,0.0,0.01,0.03,0.0,0.0
2,11,9,46,201,0.0,0.0,255,254,1.0,0.01,0.0,0.0,0.0,0.0
1,22,9,281,15,0.0,0.0,112,255,1.0,0.0,0.01,0.04,0.0,0.0
1,22,9,266,10,0.0,0.0,255,255,1.0,0.0,0.0,0.0,0.0,0.0
1,22,9,307,8,0.0,0.0,255,255,1.0,0.0,0.0,0.0,0.0,0.0
2,40,9,1,205,0.0,1.0,255,1,0.0,0.82,0.99,0.0,0.0,0.0
2,45,9,105,2,0.0,0.0,255,253,0.99,0.01,0.01,0.0,0.0,0.0
1,22,9,359,2,0.0,0.0,2,255,1.0,0.0,0.5,0.01,0.0,0.0
1,22,9,209,1,0.0,0.0,38,255,1.0,0.0,0.03,0.03,0.0,0.0
1,22,9,320,3,0.0,0.0,240,255,1.0,0.0,0.0,0.02,0.0,0.0
1,22,9,167,3,0.0,0.0,7,255,1.0,0.0,0.14,0.02,0.0,0.0
1,43,9,28,1,0.0,0.0,255,214,0.84,0.02,0.0,0.0,0.0,0.04
1,49,9,2599,3,0.0,0.0,255,20,0.08,0.16,0.0,0.0,0.0,0.9
1,22,9,284,4,0.0,0.0,162,255,1.0,0.0,0.01,0.02,0.01,0.0
1,22,9,327,9,0.0,0.0,255,255,1.0,0.0,0.0,0.0,0.0,0.0
1,22,9,209,2,0.0,0.0,255,255,1.0,0.0,0.0,0.0,0.0,0.0
1,22,9,171,1,0.0,0.0,42,255,1.0,0.0,0.02,0.05,0.0,0.0
1,22,9,227,2,0.0,0.0,117,255,1.0,0.0,0.01,0.02,0.0,0.0
2,45,9,47,2,0.0,0.0,255,253,0.99,0.01,0.0,0.0,0.0,0.0
1,22,9,233,28,0.0,0.0,255,255,1.0,0.0,0.0,0.0,0.0,0.0
1,22,9,303,3,0.0,0.0,36,255,1.0,0.0,0.03,0.04,0.0,0.0
1,22,5,0,70,1.0,0.0,255,255,1.0,0.0,0.0,0.0,0.41,0.58
1,19,9,12,1,0.0,0.0,20,3,0.15,0.1,0.15,0.0,0.0,0.0
1,22,9,287,3,0.0,0.0,255,255,1.0,0.0,0.0,0.0,0.0,0.0
1,18,9,164,1,0.0,0.0,14,13,0.93,0.14,0.07,0.0,0.0,0.0
2,40,9,146,1,0.0,0.0,9,4,0.44,0.44,1.0,0.0,0.0,0.0
1,49,9,2599,2,0.0,0.0,255,37,0.15,0.16,0.0,0.0,0.0,0.84
2,11,9,44,172,0.0,0.0,255,255,1.0,0.0,0.01,0.0,0.0,0.0
1,22,9,316,11,0.0,0.0,255,255,1.0,0.0,0.0,0.0,0.0,0.0
1,22,9,233,4,0.0,0.0,35,255,1.0,0.0,0.03,0.04,0.0,0.0
2,45,9,105,4,0.0,0.0,255,253,0.99,0.01,0.0,0.0,0.0,0.0
1,22,9,330,1,0.0,0.0,2,255,1.0,0.0,0.5,0.05,0.0,0.0
1,18,9,164,1,0.0,0.0,255,45,0.18,0.02,0.0,0.0,0.0,0.52
1,22,9,54540,2,0.0,0.0,255,251,0.98,0.01,0.0,0.0,0.0,0.0
1,22,4,72564,11,0.0,0.0,255,237,0.93,0.01,0.0,0.0,0.0,0.18
1,22,9,202,11,0.0,0.0,11,255,1.0,0.0,0.09,0.07,0.0,0.0
1,22,9,213,8,0.0,0.0,8,255,1.0,0.0,0.12,0.02,0.0,0.0
1,19,9,283618,2,0.0,0.0,8,14,1.0,0.0,1.0,0.14,0.0,0.0
1,22,9,231,4,0.0,0.0,255,246,0.96,0.01,0.0,0.0,0.0,0.0
1,22,9,223,2,0.0,0.0,249,255,1.0,0.0,0.0,0.01,0.0,0.0
1,22,9,266,12,0.0,0.0,255,255,1.0,0.0,0.0,0.0,0.0,0.0
1,22,5,0,33,0.82,0.0,255,255,1.0,0.0,0.0,0.0,0.16,0.7
2,45,9,1,44,0.0,1.0,255,1,0.0,0.72,1.0,0.0,0.0,0.0
1,55,9,90,1,0.0,0.0,51,16,0.29,0.08,0.02,0.12,0.0,0.0
1,22,9,356,8,0.0,0.0,159,255,1.0,0.0,0.01,0.02,0.0,0.0
1,22,9,54540,4,0.0,0.0,255,243,0.95,0.01,0.0,0.0,0.0,0.06
1,22,9,181,1,0.0,0.0,106,255,1.0,0.0,0.01,0.02,0.0,0.0
1,22,4,56504,8,0.0,0.0,255,243,0.95,0.01,0.0,0.0,0.02,0.35
1,22,9,223,2,0.0,0.0,255,255,1.0,0.0,0.0,0.0,0.0,0.0
1,17,9,9,1,0.0,0.0,1,1,1.0,0.0,1.0,0.0,0.0,0.0
2,45,9,1,82,0.0,0.79,255,1,0.0,0.73,1.0,0.0,0.0,0.0
1,22,9,311,15,0.0,0.0,255,255,1.0,0.0,0.0,0.0,0.0,0.0
1,22,9,233,1,0.0,0.0,1,255,1.0,0.0,1.0,0.01,0.0,0.0
1,49,9,1523,1,0.0,0.0,16,115,1.0,0.0,0.06,0.02,0.0,0.0
1,22,4,78404,77,0.03,0.0,255,253,0.99,0.01,0.0,0.0,0.01,0.42
1,22,9,206,6,0.0,0.0,70,255,1.0,0.0,0.01,0.07,0.0,0.0
2,11,9,45,215,0.0,0.0,255,255,1.0,0.0,0.0,0.0,0.0,0.0
2,45,9,46,66,0.0,0.0,255,255,1.0,0.0,0.25,0.0,0.0,0.0
2,11,9,44,195,0.0,0.01,255,254,1.0,0.01,0.0,0.0,0.0,0.0
1,19,9,3886954,1,0.0,0.0,255,190,0.75,0.03,0.75,0.0,0.01,0.0
2,45,9,1,103,0.0,0.57,255,1,0.0,0.86,1.0,0.0,0.0,0.0
1,22,9,161,1,0.0,0.0,196,196,1.0,0.0,0.01,0.0,0.0,0.0
1,18,9,159,1,0.0,0.0,255,84,0.33,0.03,0.0,0.0,0.02,0.02
1,22,9,210,11,0.0,0.0,11,102,1.0,0.0,0.09,0.04,0.0,0.0
1,22,9,231,7,0.0,0.0,35,255,1.0,0.0,0.03,0.03,0.0,0.0
1,19,9,12,1,0.0,0.0,7,29,1.0,0.0,1.0,0.14,0.0,0.0
1,22,9,189,1,0.0,0.0,255,255,1.0,0.0,0.0,0.0,0.0,0.0
1,22,9,396,12,0.0,0.0,255,255,1.0,0.0,0.0,0.0,0.0,0.0
1,18,9,160,1,0.0,0.0,255,5,0.02,0.36,0.0,0.0,0.0,0.96
1,22,9,54540,4,0.0,0.0,255,254,1.0,0.01,0.0,0.0,0.0,0.06
1,19,9,283618,2,0.0,0.0,6,28,1.0,0.0,1.0,0.14,0.0,0.0
0,58,9,36,1,0.0,0.0,255,69,0.27,0.02,0.27,0.0,0.0,0.0
1,49,9,2599,3,0.0,0.0,255,227,0.89,0.11,0.0,0.0,0.0,0.1
1,22,9,356,1,0.0,0.0,28,255,1.0,0.0,0.04,0.02,0.0,0.0
1,43,9,0,3,0.0,1.0,128,51,0.2,0.04,0.01,0.04,0.0,0.16
1,55,8,0,1,1.0,0.0,255,135,0.53,0.03,0.0,0.0,0.23,0.11
1,55,9,277,1,0.0,0.0,255,1,0.0,0.07,0.0,0.0,0.14,0.86
1,22,9,204,9,0.0,0.0,255,255,1.0,0.0,0.0,0.0,0.0,0.0
1,22,9,310,8,0.0,0.0,22,255,1.0,0.0,0.05,0.01,0.0,0.0
2,45,9,44,4,0.0,0.0,255,254,1.0,0.01,0.01,0.0,0.0,0.0
2,45,9,42,3,0.0,0.0,255,254,1.0,0.01,0.02,0.0,0.0,0.0
1,55,9,0,1,0.0,0.0,255,119,0.47,0.03,0.0,0.0,0.16,0.11
1,18,9,26,1,0.0,0.0,255,128,0.5,0.03,0.0,0.0,0.0,0.0
1,22,9,325,8,0.0,0.0,255,255,1.0,0.0,0.0,0.0,0.0,0.0
1,22,9,226,6,0.0,0.0,6,236,1.0,0.0,0.17,0.03,0.0,0.0
1,22,9,291,9,0.0,0.0,9,255,1.0,0.0,0.11,0.02,0.0,0.0
1,17,9,7,1,0.0,0.0,20,12,0.15,0.15,0.05,0.25,0.0,0.0
1,43,9,28,2,0.0,1.0,255,236,0.93,0.01,0.0,0.0,0.0,0.04
1,22,9,323,9,0.0,0.0,47,255,1.0,0.0,0.02,0.06,0.0,0.0
1,49,9,1288,1,0.0,0.0,21,14,0.67,0.19,0.05,0.0,0.0,0.0
1,19,9,283618,2,0.0,0.0,29,6,0.21,0.07,0.21,0.0,0.0,0.0
1,22,9,168,2,0.0,0.0,255,255,1.0,0.0,0.0,0.0,0.0,0.0
1,22,9,238,57,0.0,0.0,255,255,1.0,0.0,0.0,0.0,0.0,0.0
1,22,9,298,8,0.0,0.0,8,105,1.0,0.0,0.12,0.07,0.0,0.0
2,11,9,42,4,0.0,0.0,255,251,0.98,0.01,0.02,0.0,0.0,0.0
1,22,9,259,6,0.0,0.0,255,255,1.0,0.0,0.0,0.0,0.0,0.0
2,11,9,44,143,0.0,0.0,255,255,1.0,0.0,0.0,0.0,0.0,0.0
1,22,9,209,6,0.0,0.0,72,255,1.0,0.0,0.01,0.02,0.0,0.0
1,22,9,263,1,0.0,0.0,255,255,1.0,0.0,0.0,0.0,0.0,0.0
2,45,9,52,506,0.0,0.0,255,254,1.0,0.01,0.76,0.0,0.0,0.0
1,49,9,2254,1,0.0,0.0,23,23,1.0,0.0,0.04,0.0,0.0,0.0
2,40,9,1,241,0.0,1.0,255,1,0.0,1.0,1.0,0.0,0.0,0.0
1,22,9,221,10,0.0,0.0,10,255,1.0,0.0,0.1,0.05,0.0,0.0
1,19,9,283618,2,0.0,0.0,8,22,1.0,0.0,1.0,0.14,0.0,0.0
1,22,9,226,1,0.0,0.0,53,255,1.0,0.0,0.02,0.01,0.0,0.0
2,45,9,105,2,0.0,0.0,255,255,1.0,0.0,0.02,0.0,0.0,0.0
1,22,9,232,3,0.0,0.0,74,255,1.0,0.0,0.01,0.03,0.01,0.0
1,22,9,221,1,0.0,0.0,181,251,1.0,0.0,0.01,0.01,0.0,0.0
2,11,9,33,1,0.0,0.0,39,33,0.85,0.05,0.03,0.0,0.0,0.0
2,45,9,54,509,0.0,0.0,255,255,1.0,0.0,0.86,0.0,0.0,0.0
1,55,2,125,1,0.0,0.0,255,57,0.22,0.02,0.0,0.0,0.0,0.01
1,22,9,308,19,0.0,0.0,122,255,1.0,0.0,0.01,0.04,0.0,0.0
1,43,9,32,1,0.0,0.0,255,242,0.95,0.02,0.0,0.0,0.0,0.02
1,18,9,95,1,0.0,0.0,247,90,0.36,0.03,0.0,0.0,0.0,0.0
1,22,9,207,18,0.0,0.0,255,255,1.0,0.0,0.0,0.0,0.0,0.0
1,49,9,2599,3,0.0,0.0,255,246,0.96,0.04,0.0,0.0,0.0,0.04
1,19,9,151,2,0.0,0.0,115,55,0.23,0.21,0.4,0.05,0.01,0.01
1,22,9,241,6,0.0,0.0,26,255,1.0,0.0,0.04,0.06,0.04,0.0
2,40,9,1,101,0.0,1.0,255,1,0.0,1.0,1.0,0.0,0.0,0.0
1,43,9,32,1,0.0,0.0,158,140,0.88,0.02,0.01,0.01,0.0,0.06
1,55,9,125,1,0.0,0.0,255,139,0.55,0.02,0.0,0.0,0.0,0.02
1,49,9,2599,2,0.0,0.0,255,42,0.16,0.16,0.0,0.0,0.0,0.82
1,55,9,0,1,0.0,0.0,255,89,0.35,0.02,0.0,0.0,0.64,0.01
1,22,9,162,2,0.0,0.0,2,255,1.0,0.0,0.5,0.04,0.0,0.0
1,22,9,233,8,0.0,0.0,255,255,1.0,0.0,0.0,0.0,0.0,0.0
2,11,9,42,97,0.0,0.0,191,119,0.62,0.02,0.01,0.0,0.0,0.0
1,22,9,306,2,0.0,0.0,255,255,1.0,0.0,0.0,0.0,0.0,0.0
1,22,9,300,7,0.0,0.0,255,239,0.94,0.02,0.0,0.0,0.0,0.04
1,22,9,235,6,0.0,0.0,70,255,1.0,0.0,0.01,0.02,0.0,0.0
1,49,9,1143,1,0.0,0.0,239,190,0.73,0.03,0.0,0.01,0.0,0.05
1,22,9,294,8,0.0,0.0,189,255,1.0,0.0,0.01,0.05,0.0,0.0
1,22,9,199,40,0.0,0.0,255,255,1.0,0.0,0.0,0.0,0.0,0.0
1,22,9,225,7,0.0,0.0,156,255,1.0,0.0,0.01,0.02,0.0,0.0
1,22,9,192,2,0.0,0.0,80,255,1.0,0.0,0.01,0.02,0.0,0.0
1,22,9,247,16,0.0,0.0,132,255,1.0,0.0,0.01,0.02,0.0,0.0
1,22,9,280,5,0.0,0.0,5,255,1.0,0.0,0.2,0.02,0.0,0.0
1,22,9,245,19,0.0,0.0,255,255,1.0,0.0,0.0,0.0,0.0,0.0
1,49,9,2776,1,0.0,0.0,134,180,0.66,0.04,0.01,0.01,0.0,0.0
1,22,9,285,2,0.0,0.0,76,255,1.0,0.0,0.01,0.02,0.0,0.0
2,45,9,44,3,0.0,0.0,255,253,0.99,0.01,0.0,0.0,0.0,0.0
2,45,9,1,123,0.0,0.68,255,1,0.0,0.86,1.0,0.0,0.0,0.0
1,22,5,0,48,0.88,0.0,255,255,1.0,0.0,0.0,0.0,0.22,0.7
1,55,9,125,1,0.0,0.0,255,255,1.0,0.0,0.0,0.0,0.01,0.02
1,55,9,0,1,0.0,0.0,255,71,0.28,0.02,0.0,0.0,0.73,0.01
1,55,9,0,1,0.0,0.0,255,229,0.9,0.11,0.0,0.0,0.5,0.11
1,55,8,0,1,1.0,0.0,255,83,0.33,0.03,0.0,0.0,0.02,0.11
1,49,9,1536,1,0.0,0.0,159,132,0.62,0.04,0.01,0.02,0.0,0.01
1,22,9,304,12,0.0,0.0,96,255,1.0,0.0,0.01,0.01,0.0,0.0
1,22,9,54540,2,0.0,0.0,255,253,0.99,0.01,0.0,0.0,0.0,0.01
2,45,9,53,461,0.0,0.0,255,255,1.0,0.0,0.93,0.0,0.0,0.0
2,45,9,105,1,0.0,0.0,160,158,0.99,0.01,0.01,0.0,0.0,0.0
1,22,9,231,2,0.0,0.0,106,255,1.0,0.0,0.01,0.01,0.0,0.0
1,22,9,291,17,0.0,0.0,255,255,1.0,0.0,0.01,0.0,0.0,0.0
2,45,9,1,20,0.0,0.4,255,2,0.01,0.72,0.98,0.0,0.0,0.02
1,22,9,298,6,0.0,0.0,134,255,1.0,0.0,0.01,0.04,0.0,0.0
1,22,4,72564,8,0.0,0.0,255,243,0.95,0.01,0.0,0.0,0.02,0.31
1,22,9,321,2,0.0,0.0,18,255,1.0,0.0,0.06,0.02,0.0,0.0
2,45,9,105,1,0.0,0.0,255,251,0.98,0.01,0.0,0.0,0.0,0.0
1,22,9,220,13,0.0,0.0,101,255,1.0,0.0,0.01,0.02,0.0,0.0
1,22,9,311,15,0.0,0.0,15,239,1.0,0.0,0.07,0.03,0.0,0.0
1,43,9,28,1,0.0,0.0,255,222,0.87,0.04,0.0,0.0,0.0,0.0
1,22,9,189,1,0.0,0.0,4,255,1.0,0.0,0.25,0.01,0.0,0.0
2,11,9,46,140,0.0,0.01,255,254,1.0,0.01,0.0,0.0,0.0,0.0
1,22,9,269,4,0.0,0.0,242,255,1.0,0.0,0.0,0.01,0.0,0.0
1,22,5,0,38,0.84,0.0,255,255,1.0,0.0,0.0,0.0,0.18,0.7
1,19,9,615,2,0.0,0.0,255,68,0.27,0.02,0.27,0.0,0.0,0.01
2,11,9,45,131,0.0,0.0,255,255,1.0,0.0,0.0,0.0,0.0,0.0
1,22,9,324,20,0.0,0.0,255,255,1.0,0.0,0.0,0.0,0.0,0.0
2,11,9,45,379,0.0,0.01,255,255,1.0,0.0,0.0,0.0,0.0,0.0
1,22,9,309,9,0.0,0.0,30,129,1.0,0.0,0.03,0.05,0.0,0.0
1,22,9,316,4,0.0,0.0,32,227,1.0,0.0,0.03,0.06,0.0,0.0
1,22,9,342,1,0.0,0.0,205,255,1.0,0.0,0.0,0.01,0.0,0.0
1,19,9,12,1,0.0,0.0,114,50,0.04,0.05,0.04,0.04,0.01,0.01
1,49,9,869,1,0.0,0.0,154,137,0.39,0.05,0.01,0.01,0.01,0.02
1,19,9,12,2,0.0,0.0,16,16,1.0,0.0,1.0,0.0,0.0,0.0
1,22,9,247,3,0.0,0.0,255,255,1.0,0.0,0.0,0.0,0.0,0.0
1,22,4,56504,71,0.03,0.0,255,253,0.99,0.01,0.0,0.0,0.01,0.4
1,22,9,309,2,0.0,0.0,255,255,1.0,0.0,0.0,0.0,0.0,0.0
1,22,9,328,15,0.0,0.0,27,255,1.0,0.0,0.04,0.02,0.0,0.0
2,11,9,6,3,0.0,0.0,149,3,0.02,0.04,0.01,0.0,0.0,0.0
1,55,9,124,1,0.0,0.0,255,29,0.11,0.02,0.0,0.0,0.0,0.0
1,22,4,55744,27,0.0,0.0,255,253,0.99,0.01,0.0,0.0,0.01,0.59
1,55,8,0,1,1.0,0.0,255,152,0.6,0.02,0.0,0.0,0.54,0.01
1,22,9,271,3,0.0,0.0,255,255,1.0,0.0,0.0,0.0,0.0,0.0
1,22,9,218,7,0.0,0.0,38,255,1.0,0.0,0.03,0.04,0.0,0.0
1,22,9,149,3,0.0,0.0,12,251,1.0,0.0,0.08,0.06,0.0,0.0
1,55,9,0,1,0.0,0.0,255,175,0.69,0.02,0.0,0.0,0.45,0.01
2,45,9,28,18,0.0,0.0,255,18,0.07,0.02,0.07,0.0,0.0,0.0
1,49,9,1586,1,0.0,0.0,255,115,0.45,0.02,0.0,0.0,0.0,0.0
1,22,9,266,1,0.0,0.0,51,255,1.0,0.0,0.02,0.03,0.0,0.0
1,22,9,193,4,0.0,0.0,255,255,1.0,0.0,0.0,0.0,0.0,0.0
1,22,9,292,6,0.0,0.0,6,250,1.0,0.0,0.17,0.06,0.0,0.0
1,55,8,121,1,1.0,0.0,255,255,1.0,0.0,0.0,0.0,0.01,0.02
1,43,9,30,1,0.0,0.0,255,252,0.99,0.01,0.0,0.0,0.0,0.0
1,22,9,319,2,0.0,0.0,255,255,1.0,0.0,0.0,0.0,0.01,0.0
1,22,9,305,32,0.0,0.0,255,255,1.0,0.0,0.0,0.0,0.0,0.0
1,22,9,214,24,0.0,0.0,255,255,1.0,0.0,0.0,0.0,0.0,0.0
1,22,9,181,1,0.0,0.0,4,254,1.0,0.0,0.25,0.07,0.0,0.0
1,22,8,56504,9,0.44,0.0,255,242,0.95,0.01,0.0,0.0,0.02,0.22
1,22,9,297,4,0.0,0.0,113,255,1.0,0.0,0.01,0.03,0.0,0.0
1,55,9,0,1,0.0,0.0,255,87,0.34,0.02,0.0,0.0,0.64,0.01
1,55,9,2773,1,0.0,0.0,5,3,0.6,0.4,0.2,0.0,0.0,0.0
1,22,9,359,3,0.0,0.0,6,255,1.0,0.0,0.17,0.04,0.0,0.0
1,22,9,295,1,0.0,0.0,12,238,1.0,0.0,0.08,0.05,0.0,0.0
1,22,9,54540,2,0.0,0.0,255,250,0.98,0.01,0.0,0.0,0.0,0.01
1,18,9,26,1,0.0,0.0,224,112,0.5,0.03,0.0,0.0,0.0,0.0
1,55,9,128,1,0.0,0.0,255,231,0.91,0.02,0.0,0.0,0.0,0.02
1,19,9,383,1,0.0,0.0,24,21,0.12,0.17,0.12,0.14,0.0,0.0
1,22,9,155,1,0.0,0.0,255,255,1.0,0.0,0.0,0.0,0.0,0.0
1,22,9,224,10,0.0,0.0,43,255,1.0,0.0,0.02,0.02,0.0,0.0
1,22,9,351,13,0.0,0.0,255,255,1.0,0.0,0.0,0.0,0.0,0.0
1,22,9,336,13,0.0,0.0,65,255,1.0,0.0,0.02,0.03,0.0,0.0
1,22,9,305,3,0.0,0.0,255,255,1.0,0.0,0.0,0.0,0.0,0.0
1,22,9,335,20,0.0,0.0,84,255,1.0,0.0,0.01,0.06,0.0,0.0
2,45,9,46,3,0.0,0.0,255,253,0.99,0.01,0.0,0.0,0.0,0.0
1,22,9,191,7,0.0,0.0,29,255,1.0,0.0,0.03,0.05,0.0,0.0
1,22,9,317,2,0.0,0.0,166,255,1.0,0.0,0.01,0.02,0.0,0.0
1,22,9,159,1,0.0,0.0,60,229,1.0,0.0,0.02,0.04,0.0,0.0
1,22,9,215,28,0.0,0.0,28,255,1.0,0.0,0.04,0.06,0.0,0.0
1,19,9,283618,2,0.0,0.0,8,30,1.0,0.0,1.0,0.17,0.0,0.0
1,22,9,401,6,0.0,0.0,40,255,1.0,0.0,0.03,0.07,0.0,0.0
1,22,9,352,10,0.0,0.0,115,255,1.0,0.0,0.01,0.04,0.0,0.0
2,45,9,1,83,0.0,0.78,255,7,0.03,0.72,0.95,0.0,0.0,0.05
1,22,4,72564,8,0.0,0.0,255,244,0.96,0.01,0.0,0.0,0.02,0.48
1,22,9,295,15,0.0,0.0,255,255,1.0,0.0,0.0,0.0,0.0,0.0
1,18,9,161,1,0.0,0.0,255,4,0.02,0.02,0.0,0.0,0.33,0.04
2,45,9,53,511,0.0,0.0,255,255,1.0,0.0,0.87,0.0,0.0,0.0
1,22,9,371,12,0.0,0.0,123,255,1.0,0.0,0.01,0.03,0.0,0.0
2,45,9,105,4,0.0,0.5,255,253,0.99,0.01,0.0,0.0,0.0,0.0
1,22,9,234,3,0.0,0.0,255,227,0.89,0.02,0.0,0.0,0.0,0.0
1,22,9,234,1,0.0,0.0,38,255,1.0,0.0,0.03,0.05,0.0,0.0
1,22,9,250,2,0.0,0.0,255,255,1.0,0.0,0.0,0.0,0.0,0.0
1,22,9,319,13,0.0,0.0,228,255,1.0,0.0,0.0,0.01,0.0,0.0
2,11,9,45,74,0.0,0.03,255,255,1.0,0.0,0.0,0.0,0.0,0.0
1,22,9,227,1,0.0,0.0,9,247,1.0,0.0,0.11,0.06,0.0,0.0
1,22,9,337,5,0.0,0.0,31,255,1.0,0.0,0.03,0.04,0.03,0.0
0,14,9,72,3,0.0,0.0,138,4,0.03,0.06,0.03,0.0,0.0,0.0
2,11,9,46,117,0.0,0.0,255,255,1.0,0.0,0.0,0.0,0.0,0.0
1,55,9,124,2,0.0,0.0,255,254,1.0,0.01,0.0,0.0,0.01,0.02
1,24,2,0,1,0.0,0.0,152,60,0.26,0.03,0.01,0.03,0.0,0.91
2,11,9,36,2,0.0,0.0,15,67,1.0,0.0,1.0,0.04,0.0,0.0
1,22,9,294,10,0.0,0.0,36,255,1.0,0.0,0.03,0.03,0.0,0.0
2,45,9,42,4,0.0,0.0,255,253,0.99,0.01,0.01,0.0,0.0,0.0
1,55,9,0,1,0.0,0.0,255,169,0.66,0.02,0.0,0.0,0.49,0.01
1,19,9,366,2,0.0,0.0,53,16,0.23,0.28,0.23,0.12,0.0,0.06
1,22,9,312,2,0.0,0.0,98,255,1.0,0.0,0.01,0.03,0.0,0.0
2,11,9,46,159,0.0,0.0,255,255,1.0,0.0,0.0,0.0,0.0,0.0
1,22,9,318,4,0.0,0.0,4,255,1.0,0.0,0.25,0.04,0.0,0.0
1,22,9,345,2,0.0,0.0,72,255,1.0,0.0,0.01,0.01,0.0,0.0
1,19,9,12,1,0.0,0.0,4,11,0.75,0.5,0.75,0.18,0.0,0.0
1,22,9,294,5,0.0,0.0,5,255,1.0,0.0,0.2,0.04,0.0,0.0
1,22,9,54540,3,0.0,0.0,255,248,0.97,0.01,0.0,0.0,0.0,0.06
1,22,9,312,6,0.0,0.0,108,255,1.0,0.0,0.01,0.01,0.0,0.0
1,49,9,1512,1,0.0,0.0,19,116,0.84,0.16,0.05,0.02,0.0,0.0
1,22,9,300,22,0.0,0.0,119,255,1.0,0.0,0.01,0.02,0.0,0.0
1,18,9,162,1,0.0,0.0,255,3,0.01,0.15,0.0,0.0,0.45,0.15
2,11,9,36,1,0.0,0.0,29,211,0.79,0.07,0.79,0.01,0.0,0.21
1,22,9,297,1,0.0,0.0,68,255,1.0,0.0,0.01,0.04,0.0,0.0
1,22,9,249,12,0.0,0.0,255,255,1.0,0.0,0.0,0.0,0.0,0.0
1,22,4,74464,30,0.07,0.0,255,255,1.0,0.0,0.0,0.0,0.01,0.59
1,55,9,125,2,0.0,0.0,255,89,0.35,0.02,0.0,0.0,0.0,0.01
1,55,9,127,1,0.0,0.0,255,255,1.0,0.0,0.0,0.0,0.0,0.02
1,22,9,325,11,0.0,0.0,255,255,1.0,0.0,0.0,0.0,0.0,0.0
1,22,9,363,6,0.0,0.0,255,255,1.0,0.0,0.0,0.0,0.0,0.0
1,49,9,2599,3,0.0,0.0,255,244,0.96,0.04,0.0,0.0,0.0,0.04
1,22,9,204,6,0.0,0.0,145,255,1.0,0.0,0.01,0.04,0.0,0.0
1,55,9,0,1,0.0,0.0,255,79,0.31,0.02,0.0,0.0,0.69,0.01
1,22,9,286,2,0.0,0.0,142,255,1.0,0.0,0.01,0.02,0.0,0.0
1,55,2,150,1,0.0,0.0,24,1,0.04,0.08,0.04,0.0,0.0,0.04
1,22,5,0,39,0.85,0.0,255,255,1.0,0.0,0.0,0.0,0.18,0.7
1,22,9,295,2,0.0,0.0,80,255,1.0,0.0,0.01,0.01,0.0,0.0
1,22,9,289,8,0.0,0.0,255,255,1.0,0.0,0.0,0.0,0.0,0.0
1,22,9,326,4,0.0,0.0,131,255,1.0,0.0,0.01,0.02,0.01,0.0
1,22,9,285,17,0.0,0.0,255,255,1.0,0.0,0.0,0.0,0.0,0.0
1,22,9,312,6,0.0,0.0,255,255,1.0,0.0,0.0,0.0,0.0,0.0
1,19,9,12,1,0.0,0.0,3,21,1.0,0.0,1.0,0.14,0.0,0.0
1,22,9,195,3,0.0,0.0,218,218,1.0,0.0,0.0,0.0,0.0,0.0
1,22,9,244,3,0.0,0.0,255,255,1.0,0.0,0.0,0.0,0.0,0.0
1,22,9,293,5,0.0,0.0,255,255,1.0,0.0,0.0,0.0,0.0,0.0
1,19,9,641,2,0.0,0.0,120,67,0.27,0.03,0.27,0.03,0.0,0.02
1,49,9,1239,1,0.0,0.0,243,163,0.67,0.03,0.0,0.0,0.0,0.0
1,22,9,245,5,0.0,0.0,255,255,1.0,0.0,0.0,0.0,0.01,0.0
2,11,9,43,34,0.0,0.0,255,255,1.0,0.0,0.01,0.0,0.0,0.0
1,55,8,0,1,1.0,0.0,255,124,0.49,0.03,0.0,0.0,0.18,0.11
1,22,9,281,4,0.0,0.0,28,255,1.0,0.0,0.04,0.03,0.0,0.0
1,22,9,292,24,0.0,0.0,255,255,1.0,0.0,0.0,0.0,0.0,0.0
1,22,9,215,37,0.0,0.0,255,255,1.0,0.0,0.0,0.0,0.0,0.0
1,22,9,313,11,0.0,0.0,45,255,1.0,0.0,0.02,0.02,0.02,0.0
0,58,9,36,1,0.0,0.0,255,136,0.53,0.03,0.53,0.0,0.0,0.0
1,22,9,221,5,0.0,0.0,255,255,1.0,0.0,0.0,0.0,0.0,0.0
1,18,9,26,1,0.0,0.0,136,64,0.47,0.03,0.01,0.0,0.0,0.0
1,22,9,301,2,0.0,0.0,255,255,1.0,0.0,0.0,0.0,0.0,0.0
1,22,9,241,4,0.0,0.0,90,255,1.0,0.0,0.01,0.01,0.0,0.0
1,19,9,283618,1,0.0,0.0,10,17,0.9,0.2,0.9,0.12,0.0,0.0
1,22,9,353,11,0.0,0.0,255,255,1.0,0.0,0.0,0.0,0.0,0.0
1,22,9,231,11,0.0,0.0,255,255,1.0,0.0,0.0,0.0,0.0,0.0
1,22,9,280,20,0.0,0.0,23,177,1.0,0.0,0.04,0.06,0.0,0.0
1,19,9,8334,1,0.0,0.0,2,2,1.0,0.0,1.0,0.0,0.0,0.0
1,18,9,159,1,0.0,0.0,191,62,0.32,0.04,0.01,0.0,0.0,0.0
1,22,9,290,15,0.07,0.0,255,255,1.0,0.0,0.0,0.0,0.0,0.0
1,22,9,220,21,0.0,0.0,255,255,1.0,0.0,0.0,0.0,0.0,0.0
1,22,9,226,5,0.0,0.0,64,255,1.0,0.0,0.02,0.04,0.0,0.0
1,22,9,193,2,0.0,0.0,68,255,1.0,0.0,0.01,0.03,0.0,0.0
1,22,9,315,5,0.0,0.0,52,255,1.0,0.0,0.02,0.07,0.0,0.0
1,22,9,262,2,0.0,0.0,255,252,0.99,0.01,0.0,0.0,0.0,0.0
1,22,4,59424,67,0.01,0.0,255,255,1.0,0.0,0.0,0.0,0.0,0.25
1,22,9,317,6,0.0,0.0,24,255,1.0,0.0,0.04,0.04,0.0,0.0
1,22,9,247,6,0.0,0.0,255,255,1.0,0.0,0.0,0.0,0.0,0.0
1,22,9,343,9,0.0,0.0,255,255,1.0,0.0,0.0,0.0,0.0,0.0
1,22,9,220,38,0.0,0.0,255,255,1.0,0.0,0.0,0.0,0.0,0.0
1,22,9,309,13,0.0,0.0,19,255,1.0,0.0,0.05,0.05,0.0,0.0
1,22,9,300,14,0.0,0.0,33,255,1.0,0.0,0.03,0.04,0.0,0.0
1,22,9,239,3,0.0,0.0,255,250,0.98,0.01,0.0,0.0,0.0,0.0
1,18,9,160,1,0.0,0.0,28,8,0.29,0.14,0.04,0.0,0.0,0.0
1,22,9,182,1,0.0,0.0,255,255,1.0,0.0,0.0,0.0,0.0,0.0
1,22,4,55044,83,0.02,0.0,255,253,0.99,0.01,0.0,0.0,0.01,0.39
1,22,9,54540,4,0.0,0.0,255,255,1.0,0.0,0.0,0.0,0.01,0.06
1,43,9,28,1,0.0,0.0,255,221,0.87,0.02,0.0,0.0,0.0,0.03
1,55,9,123,1,0.0,0.0,255,159,0.62,0.02,0.0,0.0,0.0,0.02
2,45,9,105,1,0.0,0.0,255,255,1.0,0.0,0.02,0.0,0.0,0.0
1,55,9,504,1,0.0,0.0,2,2,1.0,0.0,0.5,0.0,0.0,0.0
1,22,9,207,29,0.0,0.0,29,255,1.0,0.0,0.03,0.01,0.0,0.0
1,18,9,160,1,0.0,0.0,255,26,0.1,0.02,0.0,0.0,0.0,0.36
1,22,9,302,1,0.0,0.0,13,255,1.0,0.0,0.08,0.04,0.0,0.0
1,22,9,300,14,0.0,0.0,255,255,1.0,0.0,0.0,0.0,0.0,0.0
1,22,9,235,18,0.0,0.0,18,255,1.0,0.0,0.06,0.02,0.0,0.0
2,45,9,51,3,0.0,0.0,255,255,1.0,0.0,0.01,0.0,0.0,0.0
1,22,9,302,2,0.0,0.0,22,255,1.0,0.0,0.05,0.05,0.0,0.0
1,22,5,0,74,1.0,0.0,255,255,1.0,0.0,0.0,0.0,0.42,0.57
1,22,9,251,24,0.0,0.0,255,255,1.0,0.0,0.0,0.0,0.0,0.0
1,22,9,295,11,0.0,0.0,255,255,1.0,0.0,0.0,0.0,0.0,0.0
1,22,9,229,13,0.0,0.0,49,251,1.0,0.0,0.02,0.07,0.0,0.0
1,22,9,328,4,0.0,0.0,24,255,1.0,0.0,0.04,0.01,0.0,0.0
1,43,9,28,1,0.0,0.0,124,109,0.87,0.02,0.01,0.02,0.0,0.08
1,49,9,2599,2,0.0,0.0,255,246,0.96,0.04,0.0,0.0,0.0,0.04
1,22,9,282,18,0.0,0.0,255,255,1.0,0.0,0.0,0.0,0.0,0.0
1,43,9,30,1,0.0,0.0,47,10,0.21,0.11,0.02,0.0,0.0,0.0
1,49,9,2599,3,0.0,0.0,255,44,0.17,0.16,0.0,0.0,0.0,0.81
1,22,9,296,1,0.0,0.0,10,255,1.0,0.0,0.1,0.02,0.0,0.0
1,22,9,200,11,0.0,0.0,84,255,1.0,0.0,0.01,0.07,0.0,0.0
1,22,9,297,11,0.0,0.0,94,255,1.0,0.0,0.01,0.04,0.0,0.0
2,45,9,54,510,0.0,0.0,255,255,1.0,0.0,0.86,0.0,0.0,0.0
2,11,9,45,44,0.0,0.0,175,216,0.88,0.01,0.88,0.01,0.0,0.06
1,22,4,38464,17,0.24,0.0,255,244,0.96,0.01,0.0,0.0,0.04,0.56
1,22,4,1024,41,0.02,0.0,255,253,0.99,0.01,0.0,0.0,0.01,0.71
1,22,9,54540,5,0.0,0.0,255,251,0.98,0.01,0.0,0.0,0.0,0.0
1,22,9,302,2,0.0,0.0,255,255,1.0,0.0,0.0,0.0,0.0,0.0
2,45,9,44,3,0.0,0.0,255,253,0.99,0.01,0.01,0.0,0.0,0.0
1,22,9,54540,5,0.0,0.0,255,250,0.98,0.01,0.0,0.0,0.0,0.06
1,0,4,864,1,0.0,0.0,31,10,0.32,0.06,0.03,0.0,0.0,0.29
1,19,9,12,1,0.0,0.0,5,6,1.0,0.0,1.0,0.33,0.0,0.0
1,18,9,160,1,0.0,0.0,100,41,0.41,0.06,0.01,0.0,0.0,0.0
1,22,4,3904,27,0.19,0.0,255,255,1.0,0.0,0.0,0.0,0.02,0.62
1,22,9,209,8,0.0,0.0,39,255,1.0,0.0,0.03,0.04,0.0,0.0
1,22,9,274,5,0.0,0.0,255,255,1.0,0.0,0.0,0.0,0.0,0.0
1,22,9,208,16,0.0,0.0,43,255,1.0,0.0,0.02,0.04,0.0,0.0
1,22,9,186,8,0.0,0.0,32,255,1.0,0.0,0.03,0.01,0.0,0.0
2,45,9,53,511,0.0,0.0,255,255,1.0,0.0,0.83,0.0,0.0,0.0
1,22,9,152,1,0.0,0.0,255,255,1.0,0.0,0.0,0.0,0.0,0.0
2,45,9,52,511,0.0,0.0,255,255,1.0,0.0,0.83,0.0,0.0,0.0
1,22,9,219,8,0.0,0.0,16,255,1.0,0.0,0.06,0.03,0.0,0.0
1,22,9,292,24,0.0,0.0,187,255,1.0,0.0,0.01,0.02,0.0,0.0
1,19,9,12,1,0.0,0.0,13,39,1.0,0.0,1.0,0.1,0.0,0.0
1,19,9,59,2,0.0,0.0,29,26,0.28,0.14,0.28,0.12,0.0,0.0
1,22,9,157,1,0.0,0.0,1,255,1.0,0.0,1.0,0.04,0.0,0.0
1,22,9,335,12,0.0,0.0,120,255,1.0,0.0,0.01,0.04,0.0,0.0
2,11,9,43,133,0.0,0.0,255,239,0.94,0.01,0.0,0.0,0.0,0.0
1,22,9,411,1,0.0,0.0,2,255,1.0,0.0,0.5,0.07,0.0,0.0
1,19,9,12,2,0.0,0.0,4,10,1.0,0.0,1.0,0.3,0.0,0.0
2,45,9,105,1,0.0,0.0,109,108,0.99,0.02,0.01,0.0,0.0,0.0
1,22,9,305,25,0.0,0.0,25,255,1.0,0.0,0.04,0.03,0.0,0.0
1,22,4,74024,10,0.0,0.0,255,244,0.96,0.01,0.0,0.0,0.02,0.4
1,43,9,26,1,0.0,0.0,217,198,0.91,0.01,0.0,0.0,0.0,0.05
1,22,9,232,48,0.0,0.0,255,255,1.0,0.0,0.0,0.0,0.0,0.0
1,43,4,15,1,0.0,0.0,255,219,0.86,0.02,0.0,0.0,0.0,0.04
1,22,9,331,1,0.0,0.0,88,255,1.0,0.0,0.01,0.02,0.0,0.0
1,22,9,220,7,0.0,0.0,254,255,1.0,0.0,0.0,0.01,0.0,0.0
1,22,9,166,2,0.0,0.0,50,253,1.0,0.0,0.02,0.06,0.0,0.0
2,45,9,105,1,0.0,0.0,255,255,1.0,0.0,0.0,0.0,0.0,0.0
1,22,9,226,10,0.0,0.0,46,255,1.0,0.0,0.02,0.02,0.0,0.0
1,19,9,283618,2,0.0,0.0,148,43,0.19,0.04,0.19,0.05,0.0,0.0
1,18,9,160,1,0.0,0.0,149,51,0.34,0.04,0.01,0.0,0.0,0.0
1,19,9,252,1,0.0,0.0,55,7,0.13,0.05,0.13,0.0,0.0,0.0
1,22,5,0,116,1.0,0.0,255,255,1.0,0.0,0.0,0.0,0.67,0.3
2,45,9,28,71,0.0,0.0,96,71,0.74,0.04,0.74,0.0,0.0,0.0
2,45,9,56,325,0.0,0.0,255,255,1.0,0.0,0.99,0.0,0.0,0.0
1,22,9,211,2,0.0,0.0,2,255,1.0,0.0,0.5,0.04,0.0,0.0
1,22,9,205,18,0.0,0.0,255,255,1.0,0.0,0.0,0.0,0.0,0.0
1,55,9,0,1,0.0,0.0,255,186,0.73,0.02,0.0,0.0,0.4,0.01
2,45,9,45,1,0.0,0.0,255,255,1.0,0.0,0.01,0.0,0.0,0.0
1,22,9,54540,3,0.0,0.0,255,255,1.0,0.0,0.0,0.0,0.0,0.06
1,22,9,313,2,0.0,0.0,2,255,1.0,0.0,0.5,0.02,0.0,0.0
1,22,9,212,23,0.0,0.0,255,255,1.0,0.0,0.0,0.0,0.0,0.0
1,22,9,340,2,0.0,0.0,103,255,1.0,0.0,0.01,0.01,0.0,0.0
1,43,9,32,1,0.0,0.0,160,142,0.88,0.02,0.01,0.01,0.0,0.06
1,43,9,27,1,0.0,0.0,255,230,0.9,0.02,0.0,0.0,0.0,0.06
1,22,9,339,12,0.0,0.0,114,255,1.0,0.0,0.01,0.01,0.0,0.0
1,19,9,383,2,0.0,0.0,64,23,0.14,0.06,0.14,0.09,0.0,0.0
1,22,9,378,12,0.0,0.0,226,253,1.0,0.0,0.01,0.01,0.0,0.0
1,22,9,227,24,0.0,0.0,109,255,1.0,0.0,0.01,0.02,0.0,0.0
1,22,9,234,8,0.0,0.0,255,255,1.0,0.0,0.0,0.0,0.0,0.0
1,22,9,195,15,0.0,0.0,255,255,1.0,0.0,0.0,0.0,0.0,0.0
1,22,4,75904,43,0.02,0.0,255,253,0.99,0.01,0.0,0.0,0.01,0.67
1,22,9,288,8,0.0,0.0,42,255,1.0,0.0,0.02,0.04,0.0,0.0
1,22,9,300,3,0.0,0.0,18,255,1.0,0.0,0.06,0.04,0.0,0.0
1,22,9,210,2,0.0,0.0,11,255,1.0,0.0,0.09,0.02,0.0,0.0
1,19,9,12,1,0.0,0.0,1,17,1.0,0.0,1.0,0.18,0.0,0.0
1,49,9,2599,2,0.0,0.0,255,98,0.38,0.14,0.0,0.0,0.0,0.6
2,45,9,54,387,0.0,0.0,255,255,1.0,0.0,1.0,0.0,0.0,0.0
1,49,9,0,1,0.0,0.0,107,191,0.76,0.04,0.01,0.01,0.0,0.01
1,22,9,244,23,0.0,0.0,255,255,1.0,0.0,0.0,0.0,0.0,0.0
1,22,9,205,2,0.0,0.0,132,255,1.0,0.0,0.01,0.02,0.0,0.0
1,18,9,218,1,0.0,0.0,148,41,0.28,0.03,0.01,0.0,0.0,0.0
1,19,9,283618,1,0.0,0.0,114,15,0.06,0.02,0.06,0.13,0.0,0.0
1,18,9,166,1,0.0,0.0,255,62,0.24,0.03,0.0,0.0,0.1,0.02
1,49,9,1439,1,0.0,0.0,34,162,0.76,0.12,0.03,0.01,0.0,0.0
1,18,9,157,1,0.0,0.0,255,28,0.11,0.02,0.0,0.0,0.0,0.36
1,22,9,230,2,0.0,0.0,215,255,1.0,0.0,0.0,0.02,0.0,0.0
1,22,9,269,4,0.0,0.0,191,255,1.0,0.0,0.01,0.02,0.0,0.0
2,11,9,36,3,0.0,0.0,42,42,1.0,0.0,1.0,0.0,0.0,0.0
1,43,9,28,1,0.0,0.0,255,246,0.96,0.01,0.0,0.0,0.0,0.0
1,22,9,264,7,0.0,0.0,73,255,1.0,0.0,0.01,0.02,0.0,0.0
1,22,9,298,5,0.0,0.0,255,255,1.0,0.0,0.0,0.0,0.0,0.0
1,22,4,56504,34,0.03,0.0,255,255,1.0,0.0,0.0,0.0,0.0,0.13
1,22,9,318,5,0.0,0.0,34,255,1.0,0.0,0.03,0.04,0.0,0.0
1,43,9,32,1,0.0,0.0,255,222,0.87,0.02,0.0,0.0,0.0,0.06
1,49,9,20193,1,0.0,0.0,230,119,0.44,0.02,0.0,0.02,0.0,0.0
1,22,9,333,4,0.0,0.0,181,255,1.0,0.0,0.01,0.01,0.01,0.0
1,22,9,209,26,0.0,0.0,235,255,1.0,0.0,0.0,0.02,0.0,0.0
1,22,9,349,6,0.0,0.0,255,255,1.0,0.0,0.0,0.0,0.0,0.0
1,22,9,244,10,0.0,0.0,255,255,1.0,0.0,0.0,0.0,0.0,0.0
2,45,9,105,1,0.0,0.0,255,254,1.0,0.01,0.0,0.0,0.0,0.0
1,49,9,2599,3,0.0,0.0,255,246,0.96,0.04,0.0,0.0,0.0,0.04
1,22,9,237,2,0.0,0.0,255,255,1.0,0.0,0.0,0.0,0.0,0.0
1,55,9,4209,1,0.0,0.0,113,2,0.02,0.04,0.01,0.0,0.0,0.0
1,43,9,26,1,0.0,0.0,233,214,0.92,0.01,0.0,0.0,0.0,0.04
1,22,9,327,9,0.0,0.0,255,255,1.0,0.0,0.0,0.0,0.0,0.0
1,22,9,331,1,0.0,0.0,255,255,1.0,0.0,0.0,0.0,0.0,0.0
1,22,9,232,13,0.0,0.0,255,255,1.0,0.0,0.0,0.0,0.0,0.0
2,45,9,52,511,0.0,0.0,255,255,1.0,0.0,0.87,0.0,0.0,0.0
1,22,9,295,8,0.0,0.0,124,255,1.0,0.0,0.01,0.03,0.0,0.0
1,22,9,232,7,0.0,0.0,255,255,1.0,0.0,0.0,0.0,0.0,0.0
1,43,9,0,3,0.0,1.0,255,1,0.0,0.8,0.0,0.0,0.0,0.02
1,22,9,323,12,0.0,0.0,255,244,0.96,0.01,0.0,0.0,0.0,0.0
1,18,9,160,1,0.0,0.0,255,24,0.09,0.02,0.0,0.0,0.02,0.33
1,22,9,287,33,0.0,0.0,255,255,1.0,0.0,0.0,0.0,0.0,0.0
1,22,9,302,3,0.0,0.0,255,236,0.93,0.02,0.0,0.0,0.0,0.0
1,22,9,294,20,0.0,0.0,255,255,1.0,0.0,0.0,0.0,0.0,0.0
1,43,9,30,1,0.0,0.0,255,247,0.97,0.01,0.0,0.0,0.0,0.02
1,55,2,123,1,0.0,0.0,255,12,0.05,0.01,0.0,0.0,0.0,0.03
1,18,9,160,1,0.0,0.0,148,50,0.34,0.04,0.01,0.0,0.0,0.0
1,22,9,227,3,0.0,0.0,64,255,1.0,0.0,0.02,0.03,0.0,0.0
1,19,9,12,1,0.0,0.0,7,17,1.0,0.0,1.0,0.12,0.0,0.0
1,22,9,215,5,0.0,0.0,5,255,1.0,0.0,0.2,0.07,0.0,0.0
1,22,9,243,21,0.0,0.0,255,255,1.0,0.0,0.0,0.0,0.0,0.0
1,19,9,19,1,0.0,0.0,122,15,0.04,0.05,0.04,0.13,0.0,0.0
1,22,9,321,4,0.0,0.0,120,255,1.0,0.0,0.01,0.01,0.0,0.0
1,22,9,225,3,0.0,0.0,3,255,1.0,0.0,0.33,0.03,0.0,0.0
1,22,5,0,65,1.0,0.0,255,255,1.0,0.0,0.0,0.0,0.82,0.15
1,19,9,11629,2,0.0,0.0,255,12,0.05,0.02,0.05,0.0,0.0,0.0
1,22,9,54540,4,0.0,0.0,255,255,1.0,0.0,0.0,0.0,0.0,0.05
1,55,9,126,1,0.0,0.0,255,248,0.97,0.01,0.0,0.0,0.0,0.02
1,22,9,221,22,0.0,0.0,255,255,1.0,0.0,0.0,0.0,0.0,0.0
1,49,9,1507,1,0.0,0.0,87,139,0.31,0.06,0.01,0.01,0.0,0.0
1,22,9,279,1,0.0,0.0,2,255,1.0,0.0,0.5,0.02,0.0,0.0
1,22,4,74024,26,0.0,0.0,255,252,0.99,0.01,0.0,0.0,0.0,0.12
1,19,9,687,1,0.0,0.0,69,19,0.16,0.06,0.16,0.11,0.0,0.0
1,22,9,304,6,0.0,0.0,6,255,1.0,0.0,0.17,0.05,0.0,0.0
2,45,9,105,3,0.0,0.0,255,254,1.0,0.01,0.01,0.0,0.0,0.0
1,22,9,296,6,0.0,0.0,255,255,1.0,0.0,0.0,0.0,0.0,0.0
1,22,9,239,4,0.0,0.0,255,229,0.9,0.02,0.0,0.0,0.0,0.06
1,55,9,128,1,0.0,0.0,255,9,0.04,0.02,0.0,0.0,0.0,0.0
1,49,9,2599,2,0.0,0.0,255,29,0.11,0.16,0.0,0.0,0.0,0.87
2,45,9,1,121,0.0,0.88,255,1,0.0,0.9,1.0,0.0,0.0,0.0
1,22,9,276,34,0.0,0.0,168,255,1.0,0.0,0.01,0.02,0.0,0.0
1,22,9,339,10,0.0,0.0,255,255,1.0,0.0,0.0,0.0,0.0,0.0
2,11,9,45,29,0.0,0.0,255,254,1.0,0.01,0.0,0.0,0.0,0.0
1,22,9,249,12,0.0,0.0,12,255,1.0,0.0,0.08,0.03,0.0,0.0
1,55,9,0,1,0.0,0.0,255,75,0.29,0.03,0.0,0.0,0.01,0.11
1,22,9,211,2,0.0,0.0,8,255,1.0,0.0,0.12,0.02,0.0,0.0
1,49,9,1407,1,0.0,0.0,137,150,0.42,0.05,0.01,0.01,0.0,0.02
1,22,9,230,1,0.0,0.0,34,255,1.0,0.0,0.03,0.07,0.03,0.0
2,45,9,43,3,0.0,0.0,255,253,0.99,0.01,0.01,0.0,0.0,0.0
1,22,9,252,2,0.0,0.0,255,255,1.0,0.0,0.0,0.0,0.0,0.0
1,55,8,0,1,1.0,0.0,255,105,0.41,0.52,0.0,0.0,0.31,0.51
1,22,9,218,1,0.0,0.0,4,255,1.0,0.0,0.25,0.04,0.0,0.0
1,43,9,28,1,0.0,0.0,255,238,0.93,0.02,0.0,0.0,0.0,0.02
1,49,9,2525,1,0.0,0.0,255,25,0.1,0.03,0.0,0.0,0.0,0.77
2,40,9,1,415,0.0,1.0,255,1,0.0,1.0,1.0,0.0,0.0,0.0
1,22,5,0,32,0.19,0.0,255,255,1.0,0.0,0.0,0.0,0.04,0.68
1,22,9,422,2,0.0,0.0,17,255,1.0,0.0,0.06,0.05,0.0,0.0
1,43,9,30,1,0.0,0.0,112,13,0.12,0.04,0.01,0.0,0.0,0.0
2,45,9,1,73,0.0,1.0,255,1,0.0,0.72,0.91,0.0,0.0,0.09
1,22,5,0,48,0.06,0.0,255,253,0.99,0.01,0.0,0.0,0.02,0.73
1,43,9,30,1,0.0,0.0,255,250,0.98,0.01,0.0,0.0,0.0,0.0
1,18,9,1031,1,0.0,0.0,35,5,0.14,0.09,0.03,0.0,0.0,0.0
2,45,9,105,3,0.0,0.0,255,255,1.0,0.0,0.01,0.0,0.0,0.0
2,45,9,52,509,0.0,0.0,255,255,1.0,0.0,1.0,0.0,0.0,0.0
1,55,9,126,1,0.0,0.0,255,161,0.63,0.02,0.0,0.0,0.0,0.02
1,43,9,28,1,0.0,0.0,255,215,0.84,0.02,0.0,0.0,0.0,0.07
1,22,9,259,1,0.0,0.0,62,255,1.0,0.0,0.02,0.01,0.0,0.0
2,11,9,32,1,0.0,0.0,255,12,0.05,0.02,0.05,0.0,0.0,0.01
1,22,9,325,6,0.0,0.0,255,255,1.0,0.0,0.0,0.0,0.0,0.0
1,22,9,238,4,0.0,0.0,7,156,1.0,0.0,0.14,0.06,0.0,0.0
1,19,9,283618,1,0.0,0.0,3,3,1.0,0.0,1.0,0.0,0.0,0.0
1,22,9,393,3,0.0,0.0,255,255,1.0,0.0,0.0,0.0,0.0,0.0
1,22,5,0,98,1.0,0.0,255,255,1.0,0.0,0.0,0.0,0.78,0.19
1,22,9,224,14,0.0,0.0,99,255,1.0,0.0,0.01,0.04,0.0,0.0
1,22,9,384,16,0.0,0.0,156,255,1.0,0.0,0.01,0.05,0.0,0.0
1,43,9,25,1,0.0,0.0,70,67,0.94,0.03,0.01,0.03,0.0,0.0
1,22,5,0,60,1.0,0.0,255,255,1.0,0.0,0.0,0.0,0.31,0.68
1,22,4,56504,52,0.0,0.0,255,253,0.99,0.01,0.0,0.0,0.0,0.24
1,22,9,214,3,0.0,0.0,139,255,1.0,0.0,0.01,0.01,0.0,0.0
1,22,9,335,2,0.0,0.0,105,255,1.0,0.0,0.01,0.01,0.0,0.0
1,17,9,5,1,0.0,0.0,26,2,0.08,0.42,0.04,0.0,0.0,0.12
1,22,9,301,5,0.0,0.0,255,230,0.9,0.02,0.0,0.0,0.0,0.06
1,49,9,774,1,0.0,0.0,108,68,0.63,0.05,0.01,0.0,0.0,0.0
1,22,9,194,8,0.0,0.0,255,255,1.0,0.0,0.0,0.0,0.0,0.0
2,45,9,46,45,0.0,0.0,255,254,1.0,0.01,0.17,0.0,0.0,0.0
1,22,9,208,13,0.0,0.0,27,255,1.0,0.0,0.04,0.02,0.0,0.0
1,22,9,303,7,0.0,0.0,255,255,1.0,0.0,0.0,0.0,0.0,0.0
1,22,4,56504,10,0.0,0.0,255,244,0.96,0.01,0.0,0.0,0.02,0.51
1,22,9,195,42,0.0,0.0,134,255,1.0,0.0,0.01,0.01,0.0,0.0
1,49,9,987,1,0.0,0.0,234,149,0.62,0.03,0.0,0.01,0.01,0.0
1,43,9,32,1,0.0,0.0,178,159,0.89,0.02,0.01,0.0,0.0,0.06
1,22,5,0,66,1.0,0.0,255,255,1.0,0.0,0.0,0.0,0.83,0.14
1,18,9,162,1,0.0,0.0,255,57,0.22,0.02,0.0,0.0,0.0,0.57
1,22,9,207,20,0.0,0.0,255,255,1.0,0.0,0.0,0.0,0.0,0.0
1,22,9,158,6,0.17,0.0,255,255,1.0,0.0,0.0,0.0,0.0,0.0
1,22,5,0,105,1.0,0.0,255,255,1.0,0.0,0.0,0.0,0.63,0.34
1,22,9,342,16,0.0,0.0,255,255,1.0,0.0,0.0,0.0,0.0,0.0
1,22,4,56504,11,0.36,0.0,255,242,0.95,0.01,0.0,0.0,0.02,0.23
1,22,9,221,22,0.0,0.0,255,255,1.0,0.0,0.0,0.0,0.0,0.0
1,55,8,0,1,1.0,0.0,255,80,0.31,0.61,0.0,0.0,0.22,0.59
1,22,5,0,67,1.0,0.0,255,255,1.0,0.0,0.0,0.0,0.34,0.65
2,11,9,42,5,0.0,0.0,255,250,0.98,0.01,0.0,0.0,0.0,0.0
2,45,9,46,3,0.0,0.0,255,255,1.0,0.0,0.01,0.0,0.0,0.0
1,55,9,126,2,0.0,0.0,255,18,0.07,0.02,0.0,0.0,0.0,0.0
1,19,9,7012,4,0.0,0.0,144,71,0.31,0.02,0.31,0.03,0.0,0.0
1,55,9,0,1,0.0,0.0,255,111,0.44,0.02,0.0,0.0,0.54,0.01
1,24,1,0,1,0.0,0.0,48,60,0.27,0.1,0.02,0.03,0.0,0.85
1,22,9,54540,5,0.0,0.0,255,254,1.0,0.01,0.0,0.0,0.0,0.04
1,55,9,0,1,0.0,0.0,255,81,0.32,0.03,0.0,0.0,0.01,0.11
1,19,9,283618,1,0.0,0.0,7,7,1.0,0.0,1.0,0.0,0.0,0.0
1,22,9,213,6,0.0,0.0,189,255,1.0,0.0,0.01,0.02,0.0,0.0
2,39,9,48,1,0.0,0.0,142,19,0.13,0.01,0.13,0.0,0.0,0.0
1,22,9,323,3,0.0,0.0,255,255,1.0,0.0,0.0,0.0,0.0,0.0
1,55,9,125,1,0.0,0.0,255,109,0.43,0.02,0.0,0.0,0.0,0.01
1,55,9,0,1,0.0,0.0,255,182,0.71,0.02,0.0,0.0,0.42,0.01
1,43,9,31,1,0.0,0.0,255,208,0.82,0.02,0.0,0.0,0.0,0.07
1,22,9,301,3,0.0,0.0,76,255,1.0,0.0,0.01,0.06,0.0,0.0
2,11,9,42,71,0.0,0.0,255,254,1.0,0.01,0.0,0.0,0.0,0.0
2,45,9,43,5,0.0,0.0,255,255,1.0,0.0,0.0,0.0,0.0,0.0
2,45,9,105,2,0.0,0.0,255,255,1.0,0.0,0.0,0.0,0.0,0.0
2,45,9,45,4,0.0,0.0,255,255,1.0,0.0,0.01,0.0,0.0,0.0
1,43,9,27,1,0.0,0.0,255,219,0.86,0.02,0.0,0.0,0.0,0.03
1,55,9,125,1,0.0,0.0,255,31,0.12,0.02,0.0,0.0,0.0,0.0
1,22,9,303,7,0.0,0.0,30,255,1.0,0.0,0.03,0.03,0.0,0.0
2,45,9,52,509,0.0,0.0,255,254,1.0,0.01,0.87,0.0,0.0,0.0
1,49,9,2599,2,0.0,0.0,255,246,0.96,0.04,0.0,0.0,0.0,0.04
1,22,9,303,10,0.0,0.0,10,255,1.0,0.0,0.1,0.01,0.0,0.0
1,49,9,0,1,0.0,0.0,24,144,0.54,0.21,0.04,0.01,0.0,0.0
2,45,9,105,2,0.0,1.0,255,253,0.99,0.01,0.01,0.0,0.0,0.0
1,22,9,296,10,0.0,0.0,39,255,1.0,0.0,0.03,0.01,0.0,0.0
2,45,9,28,8,0.0,0.0,28,8,0.29,0.11,0.29,0.0,0.0,0.0
2,45,9,53,511,0.0,0.0,255,255,1.0,0.0,0.85,0.0,0.0,0.0
1,22,9,307,19,0.0,0.0,255,255,1.0,0.0,0.0,0.0,0.0,0.0
1,22,9,305,3,0.0,0.0,59,255,1.0,0.0,0.02,0.04,0.0,0.0
1,22,9,217,22,0.0,0.0,255,255,1.0,0.0,0.0,0.0,0.0,0.0
1,43,9,26,2,0.0,1.0,44,43,0.95,0.05,0.02,0.05,0.0,0.0
1,19,9,283618,2,0.0,0.0,8,10,1.0,0.0,1.0,0.2,0.0,0.0
1,22,9,233,2,0.0,0.0,57,255,1.0,0.0,0.02,0.1,0.0,0.0
1,22,4,62344,52,0.02,0.0,255,255,1.0,0.0,0.0,0.0,0.0,0.2
1,18,9,224,1,0.0,0.0,37,9,0.24,0.05,0.03,0.0,0.0,0.0
1,22,9,216,5,0.0,0.0,5,255,1.0,0.0,0.2,0.03,0.0,0.0
1,22,9,232,25,0.0,0.0,209,255,1.0,0.0,0.0,0.02,0.0,0.0
1,55,9,122,1,0.0,0.0,255,14,0.05,0.02,0.0,0.0,0.0,0.0
2,11,9,36,1,0.0,0.0,157,8,0.05,0.04,0.05,0.0,0.0,0.0
1,22,9,265,9,0.0,0.0,255,255,1.0,0.0,0.0,0.0,0.0,0.0
1,49,9,1006,2,0.0,1.0,211,125,0.44,0.03,0.0,0.02,0.0,0.0
1,22,9,303,18,0.0,0.0,180,255,1.0,0.0,0.01,0.05,0.01,0.0
2,45,9,105,1,0.0,0.0,255,247,0.97,0.01,0.0,0.0,0.0,0.0
1,22,9,286,5,0.0,0.0,101,255,1.0,0.0,0.01,0.02,0.0,0.0
2,45,9,45,5,0.0,0.4,255,254,1.0,0.01,0.01,0.0,0.0,0.0
1,55,9,122,2,0.0,0.0,255,218,0.85,0.02,0.0,0.0,0.0,0.02
1,49,9,1566,1,0.0,0.0,255,7,0.03,0.02,0.0,0.0,0.0,0.0
1,22,9,231,1,0.0,0.0,103,255,1.0,0.0,0.01,0.02,0.0,0.0
1,22,9,320,4,0.0,0.0,196,255,1.0,0.0,0.01,0.01,0.01,0.0
1,22,9,322,10,0.0,0.0,255,255,1.0,0.0,0.0,0.0,0.0,0.0
1,49,9,2599,3,0.0,0.0,255,247,0.97,0.04,0.0,0.0,0.0,0.03
1,22,9,54540,4,0.0,0.0,255,254,1.0,0.01,0.0,0.0,0.0,0.05
1,19,9,12,1,0.0,0.0,3,25,1.0,0.0,1.0,0.16,0.0,0.0
1,22,9,367,13,0.0,0.0,33,255,1.0,0.0,0.03,0.04,0.0,0.0
1,22,9,344,8,0.0,0.0,255,255,1.0,0.0,0.0,0.0,0.0,0.0
1,22,9,306,13,0.0,0.0,52,255,1.0,0.0,0.02,0.04,0.0,0.0
1,22,9,280,1,0.0,0.0,1,230,1.0,0.0,1.0,0.03,0.0,0.0
1,22,4,56504,11,0.0,0.0,255,244,0.96,0.01,0.0,0.0,0.02,0.38
1,22,9,325,4,0.0,0.0,24,245,1.0,0.0,0.04,0.03,0.0,0.0
1,49,9,2599,3,0.0,0.0,255,7,0.03,0.16,0.0,0.0,0.0,0.95
2,11,9,41,103,0.0,0.02,255,254,1.0,0.01,0.01,0.0,0.0,0.0
1,55,9,2923,1,0.0,0.0,1,2,1.0,0.0,1.0,1.0,0.0,0.0
1,18,9,159,1,0.0,0.0,255,1,0.0,0.02,0.0,0.0,0.98,0.0
1,22,9,233,12,0.0,0.0,255,255,1.0,0.0,0.0,0.0,0.0,0.0
1,22,9,316,3,0.0,0.0,3,253,1.0,0.0,0.33,0.06,0.0,0.0
1,19,9,687,1,0.0,0.0,176,42,0.24,0.03,0.24,0.0,0.0,0.01
1,22,9,205,7,0.0,0.0,31,251,1.0,0.0,0.03,0.06,0.0,0.0
1,49,9,10804,1,0.0,0.0,255,17,0.07,0.02,0.0,0.0,0.0,0.03
1,22,9,54540,4,0.0,0.0,255,255,1.0,0.0,0.0,0.0,0.0,0.04
1,55,5,0,150,1.0,0.0,255,243,0.95,0.03,0.0,0.0,0.95,0.0
1,22,4,55744,38,0.37,0.0,255,255,1.0,0.0,0.0,0.0,0.07,0.7
1,22,9,336,8,0.0,0.0,223,255,1.0,0.0,0.0,0.02,0.0,0.0
1,55,9,0,1,0.0,0.0,255,247,0.97,0.02,0.0,0.0,0.33,0.04
1,22,9,314,13,0.0,0.0,172,255,1.0,0.0,0.01,0.03,0.0,0.0
1,49,9,2599,3,0.0,0.0,255,19,0.07,0.16,0.0,0.0,0.0,0.91
2,40,9,115,40,0.0,0.0,255,40,0.16,0.04,0.2,0.0,0.0,0.07
1,19,9,2407,1,0.0,0.0,19,69,0.42,0.16,0.42,0.03,0.05,0.0
2,45,9,53,509,0.0,0.0,255,255,1.0,0.0,1.0,0.0,0.0,0.0
1,55,8,0,1,1.0,0.0,255,146,0.57,0.02,0.0,0.0,0.53,0.01
1,19,9,687,1,0.0,0.0,149,20,0.13,0.03,0.13,0.0,0.0,0.01
1,22,9,301,1,0.0,0.0,1,255,1.0,0.0,1.0,0.05,0.0,0.0
1,22,9,321,8,0.0,0.0,8,232,1.0,0.0,0.12,0.03,0.0,0.0
1,22,9,236,16,0.0,0.0,56,255,1.0,0.0,0.02,0.02,0.0,0.0
1,22,9,224,4,0.0,0.0,255,255,1.0,0.0,0.0,0.0,0.0,0.0
1,18,9,154,1,0.0,0.0,255,64,0.25,0.03,0.0,0.0,0.09,0.02
1,22,9,202,15,0.0,0.0,255,255,1.0,0.0,0.0,0.0,0.0,0.0
1,19,9,283618,2,0.0,0.0,2,2,1.0,0.0,1.0,0.0,0.0,0.0
2,45,9,45,3,0.0,0.0,255,254,1.0,0.01,0.0,0.0,0.0,0.0
1,22,9,54540,6,0.0,0.0,255,239,0.94,0.01,0.0,0.0,0.0,0.02
1,22,9,330,12,0.0,0.0,255,255,1.0,0.0,0.0,0.0,0.0,0.0
2,40,9,1,191,0.0,1.0,255,1,0.0,1.0,1.0,0.0,0.0,0.0
1,22,9,199,17,0.0,0.0,37,255,1.0,0.0,0.03,0.05,0.0,0.0
1,43,9,32,1,0.0,0.0,255,198,0.78,0.02,0.0,0.0,0.0,0.07
1,22,9,225,6,0.0,0.0,184,251,1.0,0.0,0.01,0.05,0.0,0.0
1,55,9,0,1,0.0,0.0,255,192,0.75,0.02,0.0,0.0,0.36,0.01
1,49,9,2599,4,0.0,0.5,255,245,0.96,0.04,0.0,0.0,0.0,0.03
1,22,9,195,1,0.0,0.0,1,255,1.0,0.0,1.0,0.02,0.0,0.0
1,19,9,30204,1,0.0,0.0,69,84,0.28,0.06,0.28,0.04,0.0,0.0
1,22,9,310,6,0.0,0.0,255,255,1.0,0.0,0.0,0.0,0.0,0.0
2,45,9,54,472,0.0,0.0,255,255,1.0,0.0,0.94,0.0,0.0,0.0
1,22,9,212,2,0.0,0.0,6,255,1.0,0.0,0.17,0.03,0.0,0.0
1,22,9,245,5,0.0,0.0,114,255,1.0,0.0,0.01,0.05,0.01,0.0
1,22,9,190,9,0.0,0.0,162,255,1.0,0.0,0.01,0.05,0.0,0.0
1,55,9,127,1,0.0,0.0,255,150,0.59,0.02,0.0,0.0,0.0,0.02
1,3,9,10,1,0.0,0.0,133,13,0.07,0.05,0.01,0.15,0.0,0.0
1,22,4,55744,12,0.0,0.0,255,244,0.96,0.01,0.0,0.0,0.02,0.55
1,18,9,164,1,0.0,0.0,255,14,0.05,0.02,0.0,0.0,0.65,0.02
1,55,9,123,1,0.0,0.0,255,19,0.07,0.02,0.0,0.0,0.0,0.0
1,18,9,156,1,0.0,0.0,255,95,0.37,0.03,0.0,0.0,0.0,0.0
1,22,9,211,4,0.0,0.0,46,255,1.0,0.0,0.02,0.03,0.0,0.0
1,22,9,306,24,0.0,0.0,200,255,1.0,0.0,0.0,0.02,0.0,0.0
1,22,9,285,11,0.0,0.0,255,255,1.0,0.0,0.01,0.0,0.0,0.0
1,22,9,300,15,0.0,0.0,255,255,1.0,0.0,0.0,0.0,0.0,0.0
1,22,9,315,15,0.0,0.0,255,255,1.0,0.0,0.0,0.0,0.0,0.0
1,55,9,125,2,0.0,0.0,255,254,1.0,0.01,0.0,0.0,0.01,0.02
2,45,9,47,161,0.0,0.0,255,255,1.0,0.0,0.62,0.0,0.0,0.0
1,19,9,12,2,0.0,1.0,255,33,0.13,0.04,0.13,0.0,0.0,0.0
1,22,9,303,4,0.0,0.0,255,255,1.0,0.0,0.0,0.0,0.0,0.0
1,49,9,921,1,0.0,0.0,163,122,0.75,0.02,0.01,0.0,0.0,0.0
1,22,9,198,18,0.0,0.0,255,255,1.0,0.0,0.0,0.0,0.0,0.0
1,40,9,240,1,0.0,0.0,42,1,0.02,0.12,0.02,0.0,0.0,0.0
1,22,9,318,26,0.0,0.0,255,255,1.0,0.0,0.0,0.0,0.0,0.0
1,22,9,228,5,0.0,0.0,80,255,1.0,0.0,0.01,0.02,0.0,0.0
1,43,9,28,1,0.0,0.0,219,200,0.91,0.01,0.0,0.0,0.0,0.05
1,22,9,306,3,0.0,0.0,98,248,1.0,0.0,0.01,0.05,0.0,0.0
1,55,8,0,1,1.0,0.0,255,122,0.48,0.03,0.0,0.0,0.17,0.11
1,22,9,284,16,0.0,0.0,46,255,1.0,0.0,0.02,0.02,0.0,0.0
1,22,5,0,45,0.87,0.0,255,255,1.0,0.0,0.0,0.0,0.2,0.7
1,3,9,10,2,0.0,1.0,255,2,0.01,0.03,0.0,0.0,0.0,0.0
1,49,9,2599,2,0.0,0.0,255,225,0.88,0.12,0.0,0.0,0.0,0.11
2,45,9,54,509,0.0,0.0,255,255,1.0,0.0,1.0,0.0,0.0,0.0
1,55,9,122,1,0.0,0.0,255,176,0.69,0.02,0.0,0.0,0.0,0.02
2,45,9,55,510,0.0,0.0,255,255,1.0,0.0,0.86,0.0,0.0,0.0
1,22,9,309,2,0.0,0.0,232,255,1.0,0.0,0.0,0.02,0.0,0.0
1,22,9,310,11,0.0,0.0,255,255,1.0,0.0,0.0,0.0,0.01,0.0
2,11,9,43,389,0.0,0.01,255,255,1.0,0.0,0.0,0.0,0.0,0.0
1,22,4,73024,30,0.17,0.0,255,255,1.0,0.0,0.0,0.0,0.03,0.68
2,45,9,44,5,0.0,0.0,255,255,1.0,0.0,0.01,0.0,0.0,0.0
2,11,9,45,217,0.0,0.0,255,229,0.9,0.01,0.0,0.0,0.0,0.0
1,22,9,198,7,0.0,0.0,7,255,1.0,0.0,0.14,0.03,0.0,0.0
2,45,9,53,511,0.0,0.0,255,255,1.0,0.0,0.89,0.0,0.0,0.0
1,43,9,32,1,0.0,0.0,255,189,0.74,0.02,0.0,0.0,0.0,0.09
1,49,9,993,1,0.0,0.0,161,118,0.73,0.04,0.01,0.0,0.0,0.0
1,22,9,54540,4,0.0,0.0,255,254,1.0,0.01,0.0,0.0,0.0,0.07
1,55,9,122,2,0.0,0.0,255,255,1.0,0.0,0.0,0.0,0.01,0.02
1,22,9,252,10,0.0,0.0,184,255,1.0,0.0,0.01,0.01,0.0,0.0
2,11,9,44,122,0.0,0.0,255,227,0.89,0.01,0.0,0.0,0.0,0.0
1,22,9,321,2,0.0,0.0,255,255,1.0,0.0,0.0,0.0,0.0,0.0
1,43,9,28,1,0.0,0.0,255,236,0.93,0.01,0.0,0.0,0.0,0.04
1,43,9,32,1,0.0,0.0,255,244,0.96,0.02,0.0,0.0,0.0,0.02
1,43,9,32,1,0.0,0.0,27,28,1.0,0.0,0.04,0.07,0.0,0.0
1,22,5,0,79,1.0,0.0,255,255,1.0,0.0,0.0,0.0,0.38,0.62
2,45,9,1,113,0.0,0.87,255,5,0.02,0.97,1.0,0.0,0.0,0.0
2,11,9,44,278,0.0,0.0,205,182,0.89,0.01,0.53,0.0,0.0,0.0
2,11,9,42,86,0.0,0.0,255,252,0.99,0.01,0.01,0.0,0.0,0.0
1,22,9,286,4,0.0,0.0,255,255,1.0,0.0,0.0,0.0,0.0,0.0
1,43,9,32,1,0.0,0.0,255,236,0.93,0.01,0.0,0.0,0.0,0.04
1,55,9,129,1,0.0,0.0,255,254,1.0,0.01,0.0,0.0,0.02,0.02
1,22,9,174,2,0.0,0.0,13,255,1.0,0.0,0.08,0.03,0.0,0.0
1,22,9,334,14,0.0,0.0,255,255,1.0,0.0,0.0,0.0,0.0,0.0
1,22,9,282,1,0.0,0.0,255,255,1.0,0.0,0.0,0.0,0.0,0.0
1,19,9,12,1,0.0,0.0,206,47,0.23,0.04,0.23,0.0,0.0,0.0
1,18,9,164,1,0.0,0.0,255,96,0.38,0.03,0.0,0.0,0.02,0.01
1,49,9,645,1,0.0,0.0,19,154,0.53,0.11,0.05,0.01,0.0,0.0
1,22,9,293,5,0.0,0.0,6,160,1.0,0.0,0.17,0.03,0.0,0.0
1,22,9,320,15,0.0,0.0,255,255,1.0,0.0,0.0,0.0,0.0,0.0
1,22,9,288,15,0.0,0.0,255,255,1.0,0.0,0.0,0.0,0.0,0.0
1,43,9,32,1,0.0,0.0,115,100,0.86,0.03,0.01,0.02,0.0,0.09
1,22,9,252,1,0.0,0.0,3,255,1.0,0.0,0.33,0.04,0.0,0.0
2,45,9,105,4,0.0,0.0,80,79,0.99,0.03,0.03,0.0,0.0,0.0
1,22,9,191,1,0.0,0.0,255,118,0.46,0.26,0.0,0.0,0.01,0.49
1,43,9,31,1,0.0,0.0,186,167,0.9,0.02,0.01,0.0,0.0,0.05
1,55,9,1734,1,0.0,0.0,251,24,0.1,0.02,0.0,0.0,0.0,0.0
1,43,9,30,2,0.0,1.0,255,251,0.98,0.01,0.0,0.0,0.0,0.0
1,22,9,243,10,0.0,0.0,255,255,1.0,0.0,0.0,0.0,0.0,0.0
1,22,9,209,14,0.0,0.0,14,255,1.0,0.0,0.07,0.05,0.0,0.0
1,49,9,785,1,0.0,0.0,157,97,0.46,0.11,0.01,0.02,0.01,0.0
1,22,9,320,18,0.0,0.0,72,255,1.0,0.0,0.01,0.06,0.0,0.0
2,45,9,43,4,0.0,0.0,255,255,1.0,0.0,0.01,0.0,0.0,0.0
1,22,7,183,1,1.0,0.0,255,240,0.94,0.01,0.0,0.0,0.01,0.0
1,18,9,164,1,0.0,0.0,255,46,0.18,0.03,0.0,0.0,0.2,0.02
1,22,9,229,13,0.0,0.0,13,247,1.0,0.0,0.08,0.02,0.0,0.0
2,45,9,42,5,0.0,0.0,255,255,1.0,0.0,0.01,0.0,0.0,0.0
1,17,9,7,1,0.0,0.0,187,10,0.05,0.02,0.01,0.2,0.0,0.0
1,22,9,339,8,0.0,0.0,255,255,1.0,0.0,0.0,0.0,0.0,0.0
1,22,9,291,21,0.0,0.0,255,255,1.0,0.0,0.0,0.0,0.0,0.0
1,55,9,121,1,0.0,0.0,255,77,0.3,0.02,0.0,0.0,0.0,0.01
1,22,9,342,17,0.0,0.0,255,255,1.0,0.0,0.0,0.0,0.0,0.0
1,18,9,156,1,0.0,0.0,255,33,0.13,0.02,0.0,0.0,0.0,0.41
2,11,9,45,4,0.0,0.0,255,246,0.96,0.01,0.0,0.0,0.0,0.0
1,22,5,0,63,1.0,0.0,255,255,1.0,0.0,0.0,0.0,0.82,0.15
1,55,8,0,1,1.0,0.0,255,120,0.47,0.48,0.0,0.0,0.36,0.47
2,11,9,45,143,0.0,0.0,255,255,1.0,0.0,0.0,0.0,0.0,0.0
2,40,9,1,420,0.0,1.0,255,1,0.0,1.0,1.0,0.0,0.0,0.0
1,49,9,844,1,0.0,0.0,65,190,0.75,0.05,0.02,0.01,0.0,0.0
1,49,9,0,1,0.0,0.0,50,194,0.58,0.1,0.02,0.02,0.0,0.0
1,1,9,56124,1,0.0,0.0,255,1,0.0,0.01,0.0,0.0,0.0,0.0
2,11,9,36,1,0.0,0.0,40,105,1.0,0.0,1.0,0.02,0.0,0.0
1,22,9,332,12,0.0,0.0,17,255,1.0,0.0,0.06,0.02,0.0,0.0
1,22,9,318,23,0.0,0.0,145,255,1.0,0.0,0.01,0.03,0.0,0.0
2,45,9,53,509,0.0,0.0,255,255,1.0,0.0,0.92,0.0,0.0,0.0
2,11,9,44,106,0.0,0.0,255,255,1.0,0.0,0.01,0.0,0.0,0.0
1,55,9,170,1,0.0,0.0,255,1,0.0,0.01,0.0,0.0,0.0,0.01
1,22,9,200,29,0.0,0.0,29,255,1.0,0.0,0.03,0.02,0.0,0.0
1,22,9,225,1,0.0,0.0,1,255,1.0,0.0,1.0,0.02,0.0,0.0
2,45,9,1,111,0.0,0.81,255,1,0.0,0.92,1.0,0.0,0.0,0.0
1,22,9,296,17,0.0,0.0,104,255,1.0,0.0,0.01,0.01,0.0,0.0
1,22,9,330,2,0.0,0.0,152,255,1.0,0.0,0.01,0.02,0.0,0.0
2,45,9,1,105,0.0,1.0,255,1,0.0,1.0,1.0,0.0,0.0,0.0
1,22,9,232,4,0.0,0.0,255,255,1.0,0.0,0.0,0.0,0.0,0.0
2,11,9,44,1,0.0,0.0,255,252,0.99,0.01,0.01,0.0,0.0,0.0
2,45,9,54,374,0.0,0.0,255,255,1.0,0.0,0.93,0.0,0.0,0.0
1,19,9,868,1,0.0,0.0,255,113,0.44,0.02,0.44,0.0,0.0,0.0
1,22,9,227,13,0.0,0.0,255,255,1.0,0.0,0.0,0.0,0.0,0.0
2,40,9,146,1,0.0,0.0,31,6,0.19,0.35,0.94,0.0,0.0,0.0
2,45,9,46,6,0.0,0.0,255,253,0.99,0.01,0.0,0.0,0.0,0.0
1,22,9,313,17,0.0,0.0,142,255,1.0,0.0,0.01,0.01,0.0,0.0
1,55,9,0,1,0.0,0.0,255,209,0.82,0.02,0.0,0.0,0.29,0.01
2,45,9,105,1,0.0,0.0,185,183,0.99,0.01,0.01,0.0,0.0,0.0
1,22,9,322,5,0.0,0.0,255,255,1.0,0.0,0.0,0.0,0.0,0.0
1,22,9,328,23,0.0,0.0,255,255,1.0,0.0,0.0,0.0,0.0,0.0
1,22,4,72564,10,0.0,0.0,255,244,0.96,0.01,0.0,0.0,0.02,0.37
1,43,9,32,1,0.0,0.0,17,18,1.0,0.0,0.06,0.11,0.0,0.0
1,19,9,12,2,0.0,0.0,6,30,1.0,0.0,1.0,0.17,0.0,0.0
2,45,9,54,511,0.0,0.0,255,255,1.0,0.0,0.89,0.0,0.0,0.0
1,22,9,304,6,0.0,0.0,255,229,0.9,0.01,0.0,0.0,0.0,0.03
1,22,9,227,24,0.0,0.0,72,255,1.0,0.0,0.01,0.01,0.0,0.0
1,22,9,349,3,0.0,0.0,202,255,1.0,0.0,0.0,0.01,0.0,0.0
1,55,8,0,1,1.0,0.0,255,125,0.49,0.46,0.0,0.0,0.38,0.45
1,22,9,272,7,0.0,0.0,255,255,1.0,0.0,0.0,0.0,0.0,0.0
1,22,9,215,32,0.0,0.0,255,255,1.0,0.0,0.0,0.0,0.01,0.0
1,22,9,213,22,0.0,0.0,255,255,1.0,0.0,0.0,0.0,0.0,0.0
1,55,9,0,1,0.0,0.0,255,170,0.67,0.03,0.0,0.0,0.33,0.11
1,22,9,208,6,0.0,0.0,27,244,1.0,0.0,0.04,0.05,0.0,0.0
2,11,9,45,232,0.0,0.0,255,255,1.0,0.0,0.0,0.0,0.0,0.0
1,22,9,244,4,0.0,0.0,45,255,1.0,0.0,0.02,0.02,0.0,0.0
1,43,9,32,2,0.0,1.0,135,118,0.87,0.02,0.01,0.02,0.0,0.07
1,55,9,24,4,0.0,0.75,42,86,0.33,0.12,0.02,0.02,0.0,0.88
1,22,9,302,1,0.0,0.0,65,255,1.0,0.0,0.02,0.07,0.0,0.0
1,22,9,215,21,0.0,0.0,162,255,1.0,0.0,0.01,0.05,0.0,0.0
1,22,9,54540,2,0.0,0.0,255,255,1.0,0.0,0.0,0.0,0.0,0.05
1,22,9,317,16,0.0,0.0,62,255,1.0,0.0,0.02,0.02,0.0,0.0
1,55,9,0,1,0.0,0.0,255,180,0.71,0.02,0.0,0.0,0.42,0.01
1,19,9,615,2,0.0,0.0,36,7,0.19,0.14,0.19,0.0,0.0,0.0
1,22,9,324,4,0.0,0.0,39,255,1.0,0.0,0.03,0.01,0.0,0.0
1,49,9,2599,2,0.0,0.0,255,77,0.3,0.14,0.0,0.0,0.0,0.68
1,22,9,253,10,0.0,0.0,255,255,1.0,0.0,0.0,0.0,0.01,0.0
1,19,9,22,1,0.0,0.0,201,44,0.22,0.02,0.22,0.0,0.0,0.0
1,55,9,119,2,0.0,0.0,255,45,0.18,0.02,0.0,0.0,0.0,0.01
1,22,9,278,1,0.0,0.0,4,255,1.0,0.0,0.25,0.06,0.0,0.0
1,22,9,54540,4,0.0,0.0,255,255,1.0,0.0,0.0,0.0,0.0,0.05
2,11,9,43,131,0.0,0.0,255,255,1.0,0.0,0.0,0.0,0.0,0.0
1,22,9,327,1,0.0,0.0,26,255,1.0,0.0,0.04,0.09,0.04,0.0
1,22,9,294,1,0.0,0.0,255,255,1.0,0.0,0.0,0.0,0.0,0.0
1,18,9,26,1,0.0,0.0,174,82,0.47,0.03,0.01,0.0,0.0,0.0
1,19,9,868,1,0.0,0.0,153,31,0.18,0.03,0.18,0.06,0.0,0.0
1,22,9,288,2,0.0,0.0,255,255,1.0,0.0,0.0,0.0,0.0,0.0
1,22,9,305,3,0.0,0.0,23,255,1.0,0.0,0.04,0.01,0.0,0.0
1,22,9,217,8,0.0,0.0,255,255,1.0,0.0,0.01,0.0,0.0,0.0
1,22,9,39276,7,0.0,0.0,255,255,1.0,0.0,0.0,0.0,0.0,0.0
1,24,2,0,1,0.0,0.0,48,60,0.25,0.1,0.02,0.03,0.0,0.88
1,43,9,30,2,0.0,1.0,255,248,0.97,0.01,0.0,0.0,0.0,0.0
1,49,9,2599,3,0.0,0.0,255,104,0.41,0.14,0.0,0.0,0.0,0.58
1,22,9,286,5,0.0,0.0,5,255,1.0,0.0,0.2,0.03,0.0,0.0
1,55,9,123,1,0.0,0.0,255,235,0.92,0.02,0.0,0.0,0.0,0.02
2,11,9,44,2,0.0,0.0,255,240,0.94,0.01,0.0,0.0,0.0,0.04
1,22,9,236,1,0.0,0.0,2,255,1.0,0.0,0.5,0.07,0.0,0.0
1,49,9,2599,2,0.0,0.0,255,9,0.04,0.16,0.0,0.0,0.0,0.95
1,22,4,62344,23,0.0,0.0,255,255,1.0,0.0,0.0,0.0,0.0,0.5
1,22,9,245,4,0.0,0.0,36,255,1.0,0.0,0.03,0.03,0.0,0.0
1,43,9,28,1,0.0,0.0,255,242,0.95,0.02,0.0,0.0,0.0,0.01
1,43,9,30,1,0.0,0.0,255,218,0.85,0.04,0.0,0.0,0.0,0.0
1,22,9,231,5,0.0,0.0,217,255,1.0,0.0,0.0,0.01,0.0,0.0
1,49,9,2346,1,0.0,0.0,255,15,0.06,0.02,0.0,0.0,0.92,0.01
1,43,9,32,1,0.0,0.0,222,203,0.91,0.01,0.0,0.0,0.0,0.05
1,22,9,298,4,0.0,0.0,17,51,1.0,0.0,0.06,0.06,0.0,0.0
1,43,9,32,1,0.0,0.0,156,138,0.88,0.02,0.01,0.01,0.0,0.06
1,18,9,158,1,0.0,0.0,255,106,0.42,0.03,0.0,0.0,0.02,0.01
1,19,9,283618,2,0.0,0.0,6,14,1.0,0.0,1.0,0.14,0.0,0.0
1,22,9,54540,4,0.0,0.0,255,254,1.0,0.01,0.0,0.0,0.0,0.03
1,22,9,313,15,0.0,0.0,67,255,1.0,0.0,0.01,0.04,0.0,0.0
1,22,9,220,11,0.0,0.0,255,255,1.0,0.0,0.0,0.0,0.0,0.0
1,22,9,298,14,0.0,0.0,255,255,1.0,0.0,0.0,0.0,0.0,0.0
1,22,9,356,1,0.0,0.0,35,255,1.0,0.0,0.06,0.02,0.0,0.0
1,22,9,287,5,0.0,0.0,5,255,1.0,0.0,0.2,0.02,0.0,0.0
1,55,9,0,1,0.0,0.0,255,225,0.88,0.02,0.0,0.0,0.27,0.01
1,22,9,330,3,0.0,0.0,49,255,1.0,0.0,0.02,0.05,0.0,0.0
1,22,9,232,1,0.0,0.0,83,255,1.0,0.0,0.01,0.02,0.0,0.0
1,43,9,28,1,0.0,0.0,255,217,0.85,0.04,0.0,0.0,0.0,0.0
1,22,9,209,3,0.0,0.0,55,255,1.0,0.0,0.02,0.05,0.02,0.0
1,22,9,54540,3,0.0,0.0,255,254,1.0,0.01,0.0,0.0,0.0,0.01
1,49,9,1315,1,0.0,0.0,189,134,0.61,0.02,0.01,0.01,0.0,0.0
1,55,9,125,1,0.0,0.0,255,248,0.97,0.01,0.0,0.0,0.0,0.02
1,19,9,0,1,0.0,0.0,242,20,0.05,0.03,0.05,0.1,0.01,0.0
2,45,9,44,4,0.0,0.0,255,253,0.99,0.01,0.01,0.0,0.0,0.0
1,22,9,303,4,0.0,0.0,255,229,0.9,0.02,0.0,0.0,0.0,0.06
1,55,8,0,1,1.0,0.0,255,130,0.51,0.02,0.0,0.0,0.53,0.01
1,22,9,336,2,0.0,0.0,2,255,1.0,0.0,0.5,0.04,0.0,0.0
1,22,4,72564,12,0.0,0.0,255,233,0.91,0.02,0.0,0.0,0.0,0.13
1,22,9,284,30,0.0,0.0,255,255,1.0,0.0,0.0,0.0,0.0,0.0
1,19,9,283618,2,0.0,0.0,4,10,1.0,0.0,1.0,0.2,0.0,0.0
1,22,9,266,38,0.0,0.0,255,255,1.0,0.0,0.0,0.0,0.0,0.0
1,22,9,235,20,0.0,0.0,255,255,1.0,0.0,0.0,0.0,0.0,0.0
2,11,9,46,157,0.0,0.0,251,179,0.71,0.01,0.0,0.0,0.0,0.0
1,22,9,336,8,0.0,0.0,50,255,1.0,0.0,0.02,0.02,0.0,0.0
2,45,9,105,1,0.0,0.0,255,248,0.97,0.01,0.0,0.0,0.0,0.0
1,22,9,217,2,0.0,0.0,90,255,1.0,0.0,0.01,0.03,0.0,0.0
2,45,9,47,2,0.0,0.0,255,255,1.0,0.0,0.01,0.0,0.0,0.0
1,22,9,327,49,0.0,0.0,66,255,1.0,0.0,0.02,0.01,0.0,0.0
1,55,9,353,1,0.0,0.0,255,141,0.55,0.03,0.0,0.0,0.48,0.02
2,45,9,55,511,0.0,0.0,255,255,1.0,0.0,0.95,0.0,0.0,0.0
1,19,9,276,7,0.0,0.0,255,109,0.43,0.02,0.43,0.0,0.0,0.0
1,22,9,232,15,0.0,0.0,97,255,1.0,0.0,0.01,0.04,0.0,0.0
1,22,9,343,2,0.0,0.0,96,255,1.0,0.0,0.01,0.04,0.0,0.0
1,55,9,0,1,0.0,0.0,255,64,0.25,0.04,0.0,0.0,0.0,0.11
1,43,9,32,1,0.0,0.0,210,191,0.91,0.01,0.0,0.0,0.0,0.05
1,22,9,237,11,0.0,0.0,80,255,1.0,0.0,0.01,0.02,0.0,0.0
1,19,9,201,1,0.0,0.0,209,96,0.37,0.02,0.37,0.02,0.0,0.01
1,55,8,0,1,1.0,0.0,255,151,0.59,0.03,0.0,0.0,0.3,0.11
1,3,9,14,1,0.0,0.0,32,4,0.03,0.12,0.03,0.5,0.0,0.0
1,19,9,129862,15,0.0,0.0,255,57,0.22,0.03,0.22,0.0,0.0,0.0
1,18,9,160,1,0.0,0.0,255,112,0.44,0.03,0.0,0.0,0.0,0.0
1,18,9,25,1,0.0,0.0,46,21,0.46,0.09,0.02,0.0,0.0,0.0
1,49,9,2799,2,0.0,1.0,205,97,0.47,0.03,0.0,0.0,0.0,0.0
2,11,9,43,128,0.0,0.02,255,254,1.0,0.01,0.0,0.0,0.0,0.0
1,22,9,316,1,0.0,0.0,226,255,1.0,0.0,0.0,0.01,0.0,0.0
1,22,4,72564,11,0.0,0.0,255,243,0.95,0.01,0.0,0.0,0.02,0.29
1,43,9,26,1,0.0,0.0,98,83,0.84,0.03,0.01,0.02,0.0,0.1
1,17,9,6,1,0.0,0.0,55,1,0.02,0.22,0.02,0.0,0.0,0.09
1,17,9,6,1,0.0,0.0,242,10,0.04,0.03,0.0,0.0,0.0,0.0
1,22,9,285,12,0.0,0.0,53,255,1.0,0.0,0.02,0.04,0.0,0.0
1,22,9,165,10,0.0,0.0,82,255,1.0,0.0,0.01,0.02,0.01,0.0
1,43,9,26,1,0.0,0.0,130,115,0.88,0.02,0.01,0.02,0.0,0.08
1,22,9,291,29,0.0,0.0,255,255,1.0,0.0,0.0,0.0,0.0,0.0
1,22,9,239,4,0.0,0.0,255,255,1.0,0.0,0.0,0.0,0.0,0.0
1,22,9,218,7,0.0,0.0,255,255,1.0,0.0,0.0,0.0,0.0,0.0
1,22,9,214,17,0.0,0.0,255,255,1.0,0.0,0.0,0.0,0.0,0.0
1,49,9,0,2,0.0,0.0,255,192,0.75,0.02,0.01,0.0,0.0,0.01
2,11,9,45,2,0.0,0.0,255,252,0.99,0.01,0.01,0.0,0.0,0.0
1,49,9,1271,1,0.0,0.0,255,25,0.1,0.02,0.0,0.0,0.0,0.77
1,43,9,0,1,0.0,0.0,201,51,0.2,0.02,0.0,0.04,0.0,0.16
1,22,9,236,9,0.0,0.0,129,255,1.0,0.0,0.01,0.04,0.0,0.0
2,45,9,54,511,0.0,0.0,255,255,1.0,0.0,0.91,0.0,0.0,0.0
1,22,9,223,13,0.0,0.0,255,255,1.0,0.0,0.0,0.0,0.0,0.0
1,22,9,204,9,0.0,0.0,255,255,1.0,0.0,0.0,0.0,0.0,0.0
1,18,9,158,1,0.0,0.0,255,41,0.16,0.03,0.0,0.0,0.28,0.02
1,55,9,0,1,0.0,0.0,255,224,0.88,0.02,0.0,0.0,0.27,0.01
2,11,9,45,115,0.0,0.0,255,255,1.0,0.0,0.0,0.0,0.0,0.0
1,22,9,291,9,0.0,0.0,255,255,1.0,0.0,0.0,0.0,0.0,0.0
1,55,9,24,2,0.0,0.0,185,84,0.33,0.03,0.01,0.02,0.0,0.89
1,19,9,256000,1,0.0,0.0,255,51,0.2,0.03,0.2,0.0,0.29,0.02
1,22,9,247,2,0.0,0.0,255,255,1.0,0.0,0.0,0.0,0.0,0.0
1,22,9,286,16,0.0,0.0,16,255,1.0,0.0,0.06,0.01,0.0,0.0
1,22,9,224,20,0.0,0.0,255,255,1.0,0.0,0.0,0.0,0.0,0.0
1,22,9,309,3,0.0,0.0,119,255,1.0,0.0,0.01,0.02,0.0,0.0
1,22,4,60884,33,0.0,0.0,255,253,0.99,0.01,0.0,0.0,0.0,0.16
1,22,9,327,2,0.0,0.0,2,2,1.0,0.0,0.5,0.0,0.0,0.0
1,22,9,464,1,0.0,0.0,4,255,1.0,0.0,0.25,0.07,0.0,0.0
0,13,9,30,2,0.0,1.0,255,4,0.02,0.01,0.02,0.0,0.0,0.0
1,22,9,225,24,0.0,0.0,255,255,1.0,0.0,0.0,0.0,0.0,0.0
1,22,9,366,12,0.0,0.0,255,255,1.0,0.0,0.0,0.0,0.0,0.0
1,19,9,283618,2,0.0,0.0,2,12,1.0,0.0,1.0,0.25,0.0,0.0
2,45,9,105,2,0.0,0.0,255,252,0.99,0.01,0.0,0.0,0.0,0.0
1,18,9,162,1,0.0,0.0,255,127,0.5,0.03,0.0,0.0,0.0,0.0
1,55,9,123,1,0.0,0.0,255,199,0.78,0.02,0.0,0.0,0.0,0.02
1,22,9,217,11,0.0,0.0,65,255,1.0,0.0,0.02,0.06,0.0,0.0
1,22,9,208,4,0.0,0.0,224,255,1.0,0.0,0.0,0.01,0.0,0.0
1,22,9,226,11,0.0,0.0,31,255,1.0,0.0,0.03,0.03,0.0,0.0
2,45,9,51,511,0.0,0.0,255,255,1.0,0.0,1.0,0.0,0.0,0.0
1,55,9,277,1,0.0,0.0,137,101,0.74,0.04,0.01,0.0,0.73,0.0
1,22,9,199,8,0.0,0.0,255,255,1.0,0.0,0.0,0.0,0.0,0.0
1,22,9,306,3,0.0,0.0,234,255,1.0,0.0,0.0,0.01,0.0,0.0
1,22,9,336,3,0.0,0.0,9,255,1.0,0.0,0.11,0.04,0.0,0.0
1,22,9,236,5,0.0,0.0,255,248,0.97,0.01,0.0,0.0,0.0,0.0
1,22,9,309,14,0.0,0.0,255,255,1.0,0.0,0.0,0.0,0.0,0.0
1,18,9,160,1,0.0,0.0,255,8,0.03,0.41,0.0,0.0,0.0,0.4
1,22,9,352,37,0.0,0.0,90,251,1.0,0.0,0.01,0.03,0.0,0.0
1,22,9,310,5,0.0,0.0,32,255,1.0,0.0,0.03,0.04,0.0,0.0
1,22,9,288,2,0.0,0.0,9,255,1.0,0.0,0.11,0.06,0.0,0.0
1,22,9,214,24,0.0,0.0,105,255,1.0,0.0,0.01,0.01,0.0,0.0
1,22,9,222,10,0.0,0.0,30,255,1.0,0.0,0.03,0.05,0.0,0.0
2,45,9,46,3,0.0,0.0,255,254,1.0,0.01,0.01,0.0,0.0,0.0
1,19,9,283618,1,0.0,0.0,6,3,0.5,0.33,0.5,0.0,0.0,0.0
2,45,9,52,5,0.0,0.0,255,255,1.0,0.0,0.0,0.0,0.0,0.0
1,22,9,204,1,0.0,0.0,6,231,1.0,0.0,0.17,0.06,0.0,0.0
1,22,9,304,6,0.0,0.0,14,245,1.0,0.0,0.07,0.02,0.0,0.0
1,22,9,307,9,0.0,0.0,255,255,1.0,0.0,0.0,0.0,0.0,0.0
1,22,9,293,21,0.0,0.0,255,255,1.0,0.0,0.0,0.0,0.0,0.0
1,22,9,166,1,0.0,0.0,7,255,1.0,0.0,0.14,0.02,0.0,0.0
1,22,9,207,6,0.0,0.0,6,255,1.0,0.0,0.17,0.02,0.0,0.0
1,22,9,287,5,0.0,0.0,5,255,1.0,0.0,0.2,0.03,0.0,0.0
