Dst Port,TotLen Fwd Pkts,TotLen Bwd Pkts,Fwd Pkt Len Max,Fwd Pkt Len Mean,Bwd Pkt Len Max,Bwd Pkt Len Mean,Fwd IAT Tot,Fwd IAT Mean,Fwd IAT Max,Fwd IAT Min,Fwd Header Len,Bwd Header Len,Fwd Pkts/s,Fwd Seg Size Avg,Bwd Seg Size Avg,Subflow Fwd Byts,Subflow Bwd Byts,Init Fwd Win Byts
80.0,348.0,935.0,348.0,69.6,935.0,187.0,65100000.0,16300000.0,65100000.0,4691.0,168.0,168.0,0.076733063,69.6,187.0,348.0,935.0,225.0
47274.0,935.0,363.0,935.0,187.0,363.0,121.0,2553805.0,638451.25,2407536.0,24.0,168.0,104.0,1.957862875,187.0,121.0,935.0,363.0,219.0
80.0,311.0,935.0,311.0,62.2,935.0,187.0,61500000.0,15400000.0,61500000.0,245.0,168.0,168.0,0.08121701,62.2,187.0,311.0,935.0,225.0
80.0,361.0,935.0,361.0,72.2,935.0,187.0,64300000.0,16100000.0,64200000.0,7496.0,168.0,168.0,0.077752049,72.2,187.0,361.0,935.0,225.0
80.0,295.0,935.0,295.0,59.0,935.0,187.0,65900000.0,16500000.0,65900000.0,1440.0,168.0,168.0,0.07585399799999999,59.0,187.0,295.0,935.0,225.0
80.0,321.0,935.0,321.0,64.2,935.0,187.0,64700000.0,16200000.0,64500000.0,417.0,168.0,168.0,0.07726507099999999,64.2,187.0,321.0,935.0,225.0
80.0,291.0,935.0,291.0,58.2,935.0,187.0,64700000.0,16200000.0,64600000.0,434.0,168.0,168.0,0.077253211,58.2,187.0,291.0,935.0,225.0
80.0,1044.0,935.0,348.0,149.1428571,935.0,187.0,61900000.0,10300000.0,61400000.0,3532.0,232.0,168.0,0.113115121,149.1428571,187.0,1044.0,935.0,225.0
80.0,361.0,935.0,361.0,72.2,935.0,187.0,64500000.0,16100000.0,64400000.0,11601.0,168.0,168.0,0.07751123,72.2,187.0,361.0,935.0,225.0
80.0,377.0,935.0,377.0,75.4,935.0,187.0,64500000.0,16100000.0,64500000.0,22179.0,168.0,168.0,0.07741474200000001,75.4,187.0,377.0,935.0,225.0
80.0,368.0,935.0,368.0,92.0,935.0,233.75,61900000.0,20600000.0,61800000.0,267.0,136.0,136.0,0.064668035,92.0,233.75,368.0,935.0,225.0
80.0,342.0,935.0,342.0,68.4,935.0,187.0,64400000.0,16100000.0,64300000.0,9620.0,168.0,168.0,0.07765332,68.4,187.0,342.0,935.0,225.0
80.0,372.0,935.0,372.0,74.4,935.0,187.0,64100000.0,16000000.0,63900000.0,1436.0,168.0,168.0,0.077990504,74.4,187.0,372.0,935.0,225.0
80.0,356.0,935.0,356.0,71.2,935.0,187.0,64600000.0,16100000.0,64500000.0,11798.0,168.0,168.0,0.07744075,71.2,187.0,356.0,935.0,225.0
80.0,335.0,935.0,335.0,83.75,935.0,233.75,62200000.0,20700000.0,62200000.0,2794.0,136.0,136.0,0.064282175,83.75,233.75,335.0,935.0,225.0
80.0,370.0,935.0,370.0,92.5,935.0,233.75,64700000.0,21600000.0,64700000.0,9871.0,136.0,136.0,0.06180136,92.5,233.75,370.0,935.0,225.0
80.0,321.0,935.0,321.0,64.2,935.0,187.0,64700000.0,16200000.0,64600000.0,419.0,168.0,168.0,0.077302589,64.2,187.0,321.0,935.0,225.0
80.0,374.0,935.0,374.0,74.8,935.0,187.0,61600000.0,15400000.0,61400000.0,352.0,168.0,168.0,0.081176531,74.8,187.0,374.0,935.0,225.0
80.0,374.0,935.0,374.0,74.8,935.0,187.0,60800000.0,15200000.0,60500000.0,263.0,168.0,168.0,0.082291791,74.8,187.0,374.0,935.0,225.0
54790.0,935.0,355.0,935.0,187.0,355.0,88.75,2340816.0,585204.0,2262961.0,22.0,168.0,144.0,2.136007273,187.0,88.75,935.0,355.0,237.0
80.0,374.0,935.0,374.0,74.8,935.0,187.0,64400000.0,16100000.0,64300000.0,22529.0,168.0,168.0,0.07757038299999999,74.8,187.0,374.0,935.0,225.0
80.0,326.0,935.0,326.0,54.33333333,935.0,187.0,65900000.0,13200000.0,64800000.0,2102.0,208.0,168.0,0.091016276,54.33333333,187.0,326.0,935.0,225.0
43882.0,935.0,366.0,935.0,187.0,366.0,91.5,2423558.0,605889.5,2370743.0,12678.0,168.0,136.0,2.06308246,187.0,91.5,935.0,366.0,219.0
80.0,345.0,935.0,345.0,69.0,935.0,187.0,66300000.0,16600000.0,66300000.0,9196.0,168.0,168.0,0.075331228,69.0,187.0,345.0,935.0,225.0
80.0,323.0,935.0,323.0,53.83333333,935.0,187.0,64400000.0,12900000.0,64300000.0,328.0,200.0,168.0,0.093155023,53.83333333,187.0,323.0,935.0,225.0
80.0,340.0,935.0,340.0,68.0,935.0,187.0,64700000.0,16200000.0,64600000.0,2225.0,168.0,168.0,0.077269881,68.0,187.0,340.0,935.0,225.0
80.0,368.0,935.0,368.0,73.6,935.0,187.0,65200000.0,16300000.0,65100000.0,22393.0,168.0,168.0,0.076698404,73.6,187.0,368.0,935.0,225.0
80.0,300.0,935.0,300.0,60.0,935.0,187.0,65900000.0,16500000.0,65800000.0,326.0,168.0,168.0,0.075851559,60.0,187.0,300.0,935.0,225.0
58186.0,935.0,365.0,935.0,187.0,365.0,121.66666670000001,2368812.0,592203.0,2235565.0,27.0,168.0,104.0,2.110762695,187.0,121.66666670000001,935.0,365.0,219.0
80.0,385.0,935.0,385.0,77.0,935.0,187.0,64700000.0,16200000.0,64500000.0,252.0,168.0,168.0,0.07731995900000001,77.0,187.0,385.0,935.0,225.0
47226.0,935.0,315.0,935.0,233.75,315.0,63.0,2537836.0,845945.3333,2398545.0,35870.0,136.0,168.0,1.561118776,233.75,63.0,935.0,315.0,219.0
80.0,319.0,935.0,319.0,63.8,935.0,187.0,63600000.0,15900000.0,63600000.0,195.0,168.0,168.0,0.07850948099999999,63.8,187.0,319.0,935.0,225.0
47246.0,935.0,321.0,935.0,187.0,321.0,107.0,2566082.0,641520.5,2408366.0,20.0,168.0,104.0,1.9484958,187.0,107.0,935.0,321.0,219.0
80.0,309.0,935.0,309.0,61.8,935.0,187.0,64500000.0,16100000.0,64500000.0,2463.0,168.0,168.0,0.07742642599999999,61.8,187.0,309.0,935.0,225.0
80.0,340.0,935.0,340.0,68.0,935.0,187.0,62300000.0,15600000.0,62300000.0,2724.0,168.0,168.0,0.08024764200000001,68.0,187.0,340.0,935.0,225.0
80.0,692.0,935.0,346.0,138.4,935.0,233.75,65100000.0,16300000.0,64800000.0,266.0,168.0,136.0,0.076808321,138.4,233.75,692.0,935.0,225.0
80.0,379.0,935.0,379.0,94.75,935.0,233.75,64500000.0,21500000.0,64400000.0,10877.0,136.0,136.0,0.062007422,94.75,233.75,379.0,935.0,225.0
80.0,350.0,935.0,350.0,70.0,935.0,187.0,64400000.0,16100000.0,64400000.0,385.0,168.0,168.0,0.077582617,70.0,187.0,350.0,935.0,225.0
80.0,330.0,935.0,330.0,82.5,935.0,233.75,61000000.0,20300000.0,60900000.0,296.0,136.0,136.0,0.065588948,82.5,233.75,330.0,935.0,225.0
80.0,1384.0,935.0,346.0,173.0,935.0,187.0,66200000.0,9454738.0,65200000.0,226.0,264.0,168.0,0.12081183,173.0,187.0,1384.0,935.0,225.0
80.0,365.0,935.0,365.0,73.0,935.0,187.0,64400000.0,16100000.0,64300000.0,312.0,168.0,168.0,0.077654823,73.0,187.0,365.0,935.0,225.0
80.0,299.0,935.0,299.0,74.75,935.0,233.75,60900000.0,20300000.0,60800000.0,22735.0,136.0,136.0,0.065717165,74.75,233.75,299.0,935.0,225.0
80.0,361.0,935.0,361.0,72.2,935.0,187.0,65200000.0,16300000.0,65200000.0,53.0,168.0,168.0,0.07660951099999999,72.2,187.0,361.0,935.0,225.0
80.0,378.0,935.0,378.0,75.6,935.0,187.0,64000000.0,16000000.0,63900000.0,2292.0,168.0,168.0,0.077999025,75.6,187.0,378.0,935.0,225.0
80.0,362.0,935.0,362.0,72.4,935.0,187.0,64600000.0,16100000.0,64500000.0,271.0,168.0,168.0,0.077451987,72.4,187.0,362.0,935.0,225.0
80.0,324.0,935.0,324.0,64.8,935.0,187.0,65500000.0,16400000.0,65400000.0,304.0,168.0,168.0,0.076357765,64.8,187.0,324.0,935.0,225.0
80.0,393.0,935.0,393.0,78.6,935.0,187.0,63500000.0,15900000.0,63400000.0,608.0,168.0,168.0,0.078697802,78.6,187.0,393.0,935.0,225.0
80.0,355.0,935.0,355.0,71.0,935.0,187.0,61400000.0,15400000.0,61400000.0,4921.0,168.0,168.0,0.081311327,71.0,187.0,355.0,935.0,225.0
80.0,329.0,935.0,329.0,65.8,935.0,187.0,64700000.0,16200000.0,64500000.0,674.0,168.0,168.0,0.077219985,65.8,187.0,329.0,935.0,225.0
80.0,329.0,935.0,329.0,65.8,935.0,187.0,60500000.0,15100000.0,60400000.0,327.0,168.0,168.0,0.082641288,65.8,187.0,329.0,935.0,225.0
80.0,666.0,935.0,333.0,133.2,935.0,233.75,64100000.0,16000000.0,63700000.0,723.0,168.0,136.0,0.077993928,133.2,233.75,666.0,935.0,225.0
80.0,349.0,935.0,349.0,87.25,935.0,233.75,64500000.0,21500000.0,64500000.0,4416.0,136.0,136.0,0.061982132999999995,87.25,233.75,349.0,935.0,225.0
80.0,376.0,935.0,376.0,75.2,935.0,187.0,65100000.0,16300000.0,65100000.0,4678.0,168.0,168.0,0.076745285,75.2,187.0,376.0,935.0,225.0
80.0,342.0,935.0,342.0,68.4,935.0,187.0,64000000.0,16000000.0,63900000.0,3004.0,168.0,168.0,0.078120591,68.4,187.0,342.0,935.0,225.0
58174.0,935.0,324.0,935.0,187.0,324.0,108.0,2397237.0,599309.25,2247227.0,34.0,168.0,104.0,2.085734535,187.0,108.0,935.0,324.0,219.0
80.0,361.0,935.0,361.0,72.2,935.0,187.0,60300000.0,15100000.0,60300000.0,4535.0,168.0,168.0,0.082761842,72.2,187.0,361.0,935.0,225.0
50452.0,935.0,363.0,935.0,187.0,363.0,121.0,2536077.0,634019.25,2466715.0,40.0,168.0,104.0,1.971548971,187.0,121.0,935.0,363.0,237.0
47234.0,935.0,334.0,935.0,187.0,334.0,111.33333329999999,2539982.0,634995.5,2392106.0,22.0,168.0,104.0,1.968517887,187.0,111.33333329999999,935.0,334.0,219.0
47228.0,935.0,356.0,935.0,187.0,356.0,118.66666670000001,2548281.0,637070.25,2400613.0,26.0,168.0,104.0,1.962107005,187.0,118.66666670000001,935.0,356.0,219.0
80.0,367.0,935.0,367.0,73.4,935.0,187.0,64900000.0,16200000.0,64800000.0,8505.0,168.0,168.0,0.076983565,73.4,187.0,367.0,935.0,225.0
80.0,367.0,935.0,367.0,52.42857143,935.0,233.75,64900000.0,10800000.0,64800000.0,2034.0,232.0,136.0,0.10779691400000001,52.42857143,233.75,367.0,935.0,225.0
43414.0,935.0,304.0,935.0,187.0,304.0,101.33333329999999,2502411.0,625602.75,2441424.0,22.0,168.0,104.0,1.9980730580000001,187.0,101.33333329999999,935.0,304.0,219.0
80.0,382.0,935.0,382.0,76.4,935.0,187.0,64000000.0,16000000.0,63900000.0,470.0,168.0,168.0,0.078077895,76.4,187.0,382.0,935.0,225.0
80.0,375.0,935.0,375.0,75.0,935.0,187.0,62000000.0,15500000.0,61900000.0,293.0,168.0,168.0,0.080629757,75.0,187.0,375.0,935.0,225.0
80.0,688.0,935.0,344.0,114.66666670000001,935.0,187.0,64900000.0,13000000.0,64500000.0,255.0,200.0,168.0,0.09238832699999999,114.66666670000001,187.0,688.0,935.0,225.0
80.0,374.0,935.0,374.0,74.8,935.0,187.0,64800000.0,16200000.0,64700000.0,6215.0,168.0,168.0,0.07712557,74.8,187.0,374.0,935.0,225.0
80.0,370.0,935.0,370.0,74.0,935.0,187.0,64400000.0,16100000.0,64400000.0,7209.0,168.0,168.0,0.077558043,74.0,187.0,370.0,935.0,225.0
80.0,357.0,935.0,357.0,71.4,935.0,187.0,65100000.0,16300000.0,65100000.0,4926.0,168.0,168.0,0.076740562,71.4,187.0,357.0,935.0,225.0
80.0,346.0,935.0,346.0,69.2,935.0,187.0,64800000.0,16200000.0,64700000.0,5287.0,168.0,168.0,0.07711038,69.2,187.0,346.0,935.0,225.0
80.0,354.0,935.0,354.0,70.8,935.0,187.0,64900000.0,16200000.0,64800000.0,1664.0,168.0,168.0,0.07705669400000001,70.8,187.0,354.0,935.0,225.0
80.0,354.0,935.0,354.0,70.8,935.0,187.0,64300000.0,16100000.0,64200000.0,269.0,168.0,168.0,0.077765153,70.8,187.0,354.0,935.0,225.0
80.0,357.0,935.0,357.0,71.4,935.0,187.0,64000000.0,16000000.0,63900000.0,2412.0,168.0,168.0,0.078013517,71.4,187.0,357.0,935.0,225.0
80.0,371.0,935.0,371.0,92.75,935.0,233.75,63500000.0,21200000.0,63500000.0,22902.0,136.0,136.0,0.062930033,92.75,233.75,371.0,935.0,225.0
40870.0,935.0,360.0,935.0,233.75,360.0,72.0,2354261.0,784753.6667,2265923.0,42756.0,136.0,168.0,1.698183538,233.75,72.0,935.0,360.0,237.0
80.0,336.0,935.0,336.0,67.2,935.0,187.0,64400000.0,16100000.0,64300000.0,1893.0,168.0,168.0,0.077591328,67.2,187.0,336.0,935.0,225.0
80.0,368.0,935.0,368.0,73.6,935.0,187.0,64600000.0,16200000.0,64500000.0,6450.0,168.0,168.0,0.07733851900000001,73.6,187.0,368.0,935.0,225.0
80.0,383.0,935.0,383.0,76.6,935.0,187.0,64600000.0,16200000.0,64600000.0,706.0,168.0,168.0,0.077348245,76.6,187.0,383.0,935.0,225.0
80.0,330.0,935.0,330.0,82.5,935.0,233.75,64400000.0,21500000.0,64400000.0,5120.0,136.0,136.0,0.062043858,82.5,233.75,330.0,935.0,225.0
80.0,329.0,935.0,329.0,65.8,935.0,187.0,65200000.0,16300000.0,65100000.0,255.0,168.0,168.0,0.076616249,65.8,187.0,329.0,935.0,225.0
80.0,415.0,935.0,415.0,83.0,935.0,187.0,63400000.0,15900000.0,63300000.0,19963.0,168.0,168.0,0.07883604799999999,83.0,187.0,415.0,935.0,225.0
80.0,338.0,935.0,338.0,84.5,935.0,233.75,64500000.0,21500000.0,64400000.0,9350.0,136.0,136.0,0.062046248,84.5,233.75,338.0,935.0,225.0
80.0,316.0,935.0,316.0,79.0,935.0,233.75,66100000.0,22000000.0,66100000.0,24922.0,136.0,136.0,0.060440923,79.0,233.75,316.0,935.0,225.0
80.0,388.0,935.0,388.0,97.0,935.0,233.75,64500000.0,21500000.0,64400000.0,13575.0,136.0,136.0,0.062023853,97.0,233.75,388.0,935.0,225.0
80.0,346.0,935.0,346.0,69.2,935.0,187.0,65200000.0,16300000.0,65100000.0,17875.0,168.0,168.0,0.076688619,69.2,187.0,346.0,935.0,225.0
80.0,285.0,935.0,285.0,47.5,935.0,233.75,67800000.0,13600000.0,64800000.0,9462.0,216.0,136.0,0.088425619,47.5,233.75,285.0,935.0,225.0
80.0,358.0,935.0,358.0,89.5,935.0,233.75,64200000.0,21400000.0,64200000.0,731.0,136.0,136.0,0.062231523,89.5,233.75,358.0,935.0,225.0
80.0,312.0,935.0,312.0,62.4,935.0,187.0,64400000.0,16100000.0,64300000.0,3248.0,168.0,168.0,0.077552761,62.4,187.0,312.0,935.0,225.0
80.0,344.0,935.0,344.0,68.8,935.0,233.75,65300000.0,16300000.0,64200000.0,5191.0,176.0,136.0,0.076544504,68.8,233.75,344.0,935.0,225.0
80.0,320.0,935.0,320.0,80.0,935.0,233.75,64500000.0,21500000.0,64400000.0,35350.0,136.0,136.0,0.062013757,80.0,233.75,320.0,935.0,225.0
80.0,405.0,935.0,405.0,101.25,935.0,233.75,64800000.0,21600000.0,64700000.0,1996.0,136.0,136.0,0.061723029000000006,101.25,233.75,405.0,935.0,225.0
80.0,307.0,935.0,307.0,61.4,935.0,187.0,60900000.0,15200000.0,60900000.0,276.0,168.0,168.0,0.082069919,61.4,187.0,307.0,935.0,225.0
80.0,315.0,935.0,315.0,78.75,935.0,233.75,60100000.0,20000000.0,60100000.0,17392.0,136.0,136.0,0.06652147,78.75,233.75,315.0,935.0,225.0
80.0,414.0,935.0,414.0,82.8,935.0,187.0,64700000.0,16200000.0,64500000.0,321.0,168.0,168.0,0.077321708,82.8,187.0,414.0,935.0,225.0
80.0,327.0,935.0,327.0,65.4,935.0,187.0,64600000.0,16200000.0,64600000.0,2920.0,168.0,168.0,0.077331213,65.4,187.0,327.0,935.0,225.0
43394.0,935.0,321.0,935.0,187.0,321.0,107.0,2501103.0,625275.75,2450073.0,29.0,168.0,104.0,1.9991179890000002,187.0,107.0,935.0,321.0,237.0
80.0,359.0,935.0,359.0,71.8,935.0,187.0,64700000.0,16200000.0,64600000.0,4395.0,168.0,168.0,0.077307683,71.8,187.0,359.0,935.0,225.0
54728.0,935.0,308.0,935.0,187.0,308.0,102.66666670000001,2502134.0,625533.5,2393982.0,12474.0,168.0,104.0,1.9982942559999999,187.0,102.66666670000001,935.0,308.0,237.0
80.0,351.0,935.0,351.0,87.75,935.0,233.75,62000000.0,20700000.0,62000000.0,1883.0,136.0,136.0,0.064461478,87.75,233.75,351.0,935.0,225.0
80.0,348.0,935.0,348.0,69.6,935.0,187.0,65800000.0,16500000.0,65800000.0,2101.0,168.0,168.0,0.07593490900000001,69.6,187.0,348.0,935.0,225.0
80.0,336.0,935.0,336.0,67.2,935.0,187.0,64400000.0,16100000.0,64300000.0,2809.0,168.0,168.0,0.077539763,67.2,187.0,336.0,935.0,225.0
80.0,362.0,935.0,362.0,72.4,935.0,187.0,60600000.0,15200000.0,60500000.0,13152.0,168.0,168.0,0.082421022,72.4,187.0,362.0,935.0,225.0
80.0,346.0,935.0,346.0,86.5,935.0,233.75,60900000.0,20300000.0,60800000.0,270.0,136.0,136.0,0.06564767099999999,86.5,233.75,346.0,935.0,225.0
80.0,337.0,935.0,337.0,67.4,935.0,187.0,65300000.0,16300000.0,65200000.0,73.0,168.0,168.0,0.07658028,67.4,187.0,337.0,935.0,225.0
80.0,359.0,935.0,359.0,71.8,935.0,187.0,64900000.0,16200000.0,64800000.0,383.0,168.0,168.0,0.07706995,71.8,187.0,359.0,935.0,225.0
80.0,352.0,935.0,352.0,70.4,935.0,187.0,64600000.0,16100000.0,64500000.0,3834.0,168.0,168.0,0.077367879,70.4,187.0,352.0,935.0,225.0
80.0,339.0,935.0,339.0,84.75,935.0,233.75,64500000.0,21500000.0,64500000.0,5932.0,136.0,136.0,0.061991412,84.75,233.75,339.0,935.0,225.0
80.0,345.0,935.0,345.0,69.0,935.0,187.0,64900000.0,16200000.0,64800000.0,22933.0,168.0,168.0,0.07706595599999999,69.0,187.0,345.0,935.0,225.0
80.0,315.0,935.0,315.0,78.75,935.0,233.75,64300000.0,21400000.0,64200000.0,29690.0,136.0,136.0,0.062168172,78.75,233.75,315.0,935.0,225.0
80.0,305.0,935.0,305.0,61.0,935.0,187.0,60500000.0,15100000.0,60400000.0,281.0,168.0,168.0,0.08269813599999999,61.0,187.0,305.0,935.0,225.0
80.0,327.0,935.0,327.0,65.4,935.0,187.0,64600000.0,16200000.0,64600000.0,10820.0,168.0,168.0,0.077332101,65.4,187.0,327.0,935.0,225.0
80.0,366.0,935.0,366.0,73.2,935.0,187.0,64400000.0,16100000.0,64300000.0,12053.0,168.0,168.0,0.077677593,73.2,187.0,366.0,935.0,225.0
80.0,688.0,935.0,344.0,114.66666670000001,935.0,187.0,65100000.0,13000000.0,64800000.0,4380.0,200.0,168.0,0.0920438,114.66666670000001,187.0,688.0,935.0,225.0
80.0,323.0,935.0,323.0,64.6,935.0,187.0,64500000.0,16100000.0,64400000.0,11365.0,168.0,168.0,0.07751674900000001,64.6,187.0,323.0,935.0,225.0
80.0,411.0,935.0,411.0,68.5,935.0,187.0,64600000.0,12900000.0,64500000.0,17132.0,200.0,168.0,0.092816775,68.5,187.0,411.0,935.0,225.0
80.0,368.0,935.0,368.0,73.6,935.0,187.0,64900000.0,16200000.0,64900000.0,4236.0,168.0,168.0,0.07695163,73.6,187.0,368.0,935.0,225.0
57700.0,935.0,347.0,935.0,187.0,347.0,115.66666670000001,2506709.0,626677.25,2451718.0,28.0,168.0,104.0,1.994647165,187.0,115.66666670000001,935.0,347.0,219.0
47238.0,935.0,362.0,935.0,233.75,362.0,72.4,2545432.0,848477.3333,2392832.0,54651.0,136.0,168.0,1.5512173180000002,233.75,72.4,935.0,362.0,219.0
80.0,352.0,935.0,352.0,70.4,935.0,187.0,65100000.0,16300000.0,65100000.0,3691.0,168.0,168.0,0.07671608,70.4,187.0,352.0,935.0,225.0
35178.0,935.0,700.0,935.0,187.0,350.0,175.0,2559604.0,639901.0,2189437.0,18.0,168.0,136.0,1.953427171,187.0,175.0,935.0,700.0,219.0
80.0,334.0,935.0,334.0,66.8,935.0,187.0,62700000.0,15700000.0,62500000.0,197.0,168.0,168.0,0.079757082,66.8,187.0,334.0,935.0,225.0
80.0,324.0,935.0,324.0,64.8,935.0,187.0,61500000.0,15400000.0,61400000.0,275.0,168.0,168.0,0.081204938,64.8,187.0,324.0,935.0,225.0
80.0,323.0,935.0,323.0,64.6,935.0,187.0,64800000.0,16200000.0,64600000.0,25637.0,168.0,168.0,0.077159802,64.6,187.0,323.0,935.0,225.0
58180.0,935.0,306.0,935.0,187.0,306.0,102.0,2412563.0,603140.75,2241380.0,45.0,168.0,104.0,2.072484739,187.0,102.0,935.0,306.0,219.0
49950.0,935.0,300.0,935.0,187.0,300.0,100.0,2473431.0,618357.75,2402357.0,44.0,168.0,104.0,2.021483518,187.0,100.0,935.0,300.0,237.0
80.0,371.0,935.0,371.0,74.2,935.0,187.0,65300000.0,16300000.0,65200000.0,129.0,168.0,168.0,0.076543178,74.2,187.0,371.0,935.0,225.0
80.0,337.0,935.0,337.0,67.4,935.0,187.0,65300000.0,16300000.0,65200000.0,161.0,168.0,168.0,0.07652595,67.4,187.0,337.0,935.0,225.0
50270.0,935.0,345.0,935.0,187.0,345.0,115.0,2419870.0,604967.5,2328701.0,26.0,168.0,104.0,2.066226698,187.0,115.0,935.0,345.0,219.0
80.0,316.0,935.0,316.0,63.2,935.0,187.0,64000000.0,16000000.0,63900000.0,2995.0,168.0,168.0,0.07808834,63.2,187.0,316.0,935.0,225.0
80.0,307.0,935.0,307.0,76.75,935.0,233.75,64500000.0,21500000.0,64500000.0,616.0,136.0,136.0,0.061985732,76.75,233.75,307.0,935.0,225.0
80.0,331.0,935.0,331.0,82.75,935.0,233.75,64500000.0,21500000.0,64500000.0,6487.0,136.0,136.0,0.061996099000000006,82.75,233.75,331.0,935.0,225.0
80.0,375.0,935.0,375.0,75.0,935.0,187.0,64500000.0,16100000.0,64400000.0,277.0,168.0,168.0,0.077509587,75.0,187.0,375.0,935.0,225.0
49960.0,935.0,322.0,935.0,187.0,322.0,107.33333329999999,2459301.0,614825.25,2403145.0,60.0,168.0,104.0,2.033098023,187.0,107.33333329999999,935.0,322.0,237.0
50562.0,935.0,315.0,935.0,187.0,315.0,105.0,2560836.0,640209.0,2486865.0,31.0,168.0,104.0,1.952487391,187.0,105.0,935.0,315.0,237.0
80.0,354.0,935.0,354.0,88.5,935.0,233.75,64500000.0,21500000.0,64400000.0,236.0,136.0,136.0,0.06201649099999999,88.5,233.75,354.0,935.0,225.0
80.0,690.0,935.0,345.0,115.0,935.0,187.0,66000000.0,13200000.0,65800000.0,724.0,200.0,168.0,0.090875711,115.0,187.0,690.0,935.0,225.0
49154.0,935.0,1065.0,935.0,187.0,355.0,213.0,2749554.0,687388.5,2151992.0,19.0,168.0,168.0,1.8184767419999999,187.0,213.0,935.0,1065.0,219.0
80.0,349.0,935.0,349.0,87.25,935.0,233.75,64600000.0,21500000.0,64500000.0,4131.0,136.0,136.0,0.06191640599999999,87.25,233.75,349.0,935.0,225.0
80.0,362.0,935.0,362.0,72.4,935.0,187.0,64600000.0,16100000.0,64500000.0,3345.0,168.0,168.0,0.077423464,72.4,187.0,362.0,935.0,225.0
80.0,331.0,935.0,331.0,55.16666667,935.0,311.6666667,63000000.0,12600000.0,62800000.0,991.0,200.0,104.0,0.09530925900000001,55.16666667,311.6666667,331.0,935.0,225.0
80.0,367.0,935.0,367.0,73.4,935.0,187.0,62400000.0,15600000.0,62400000.0,9704.0,168.0,168.0,0.080071639,73.4,187.0,367.0,935.0,225.0
80.0,347.0,935.0,347.0,69.4,935.0,187.0,64400000.0,16100000.0,64400000.0,294.0,168.0,168.0,0.077579849,69.4,187.0,347.0,935.0,225.0
80.0,395.0,935.0,395.0,79.0,935.0,187.0,64600000.0,16200000.0,64500000.0,257.0,168.0,168.0,0.07730245200000001,79.0,187.0,395.0,935.0,225.0
35980.0,935.0,351.0,935.0,187.0,351.0,117.0,2570646.0,642661.5,2459690.0,36.0,168.0,104.0,1.945036384,187.0,117.0,935.0,351.0,219.0
80.0,343.0,935.0,343.0,68.6,935.0,187.0,64500000.0,16100000.0,64400000.0,9242.0,168.0,168.0,0.07746164900000001,68.6,187.0,343.0,935.0,225.0
80.0,392.0,935.0,392.0,98.0,935.0,233.75,62000000.0,20700000.0,62000000.0,1329.0,136.0,136.0,0.064451711,98.0,233.75,392.0,935.0,225.0
80.0,334.0,935.0,334.0,66.8,935.0,187.0,62300000.0,15600000.0,62200000.0,1482.0,168.0,168.0,0.08023332799999999,66.8,187.0,334.0,935.0,225.0
80.0,350.0,935.0,350.0,70.0,935.0,187.0,65100000.0,16300000.0,64900000.0,567.0,168.0,168.0,0.076774084,70.0,187.0,350.0,935.0,225.0
80.0,401.0,935.0,401.0,100.25,935.0,233.75,64500000.0,21500000.0,64500000.0,417.0,136.0,136.0,0.061984612,100.25,233.75,401.0,935.0,225.0
80.0,354.0,935.0,354.0,70.8,935.0,187.0,64900000.0,16200000.0,64800000.0,11999.0,168.0,168.0,0.07708672400000001,70.8,187.0,354.0,935.0,225.0
80.0,307.0,935.0,307.0,61.4,935.0,187.0,63600000.0,15900000.0,63500000.0,136.0,168.0,168.0,0.07857325700000001,61.4,187.0,307.0,935.0,225.0
40888.0,935.0,381.0,935.0,187.0,381.0,127.0,2361311.0,590327.75,2303536.0,25.0,168.0,104.0,2.117467796,187.0,127.0,935.0,381.0,237.0
80.0,329.0,935.0,329.0,82.25,935.0,233.75,62300000.0,20800000.0,62300000.0,4618.0,136.0,136.0,0.064136458,82.25,233.75,329.0,935.0,225.0
80.0,356.0,935.0,356.0,71.2,935.0,187.0,64400000.0,16100000.0,64400000.0,268.0,168.0,168.0,0.077576369,71.2,187.0,356.0,935.0,225.0
80.0,308.0,935.0,308.0,61.6,935.0,187.0,63600000.0,15900000.0,63500000.0,274.0,168.0,168.0,0.07867676,61.6,187.0,308.0,935.0,225.0
80.0,325.0,935.0,325.0,65.0,935.0,187.0,61500000.0,15400000.0,61400000.0,13672.0,168.0,168.0,0.08128047299999999,65.0,187.0,325.0,935.0,225.0
80.0,366.0,935.0,366.0,73.2,935.0,187.0,64400000.0,16100000.0,64300000.0,5876.0,168.0,168.0,0.077628459,73.2,187.0,366.0,935.0,225.0
80.0,380.0,935.0,380.0,76.0,935.0,187.0,64300000.0,16100000.0,64200000.0,423.0,168.0,168.0,0.077767828,76.0,187.0,380.0,935.0,225.0
80.0,690.0,935.0,345.0,138.0,935.0,233.75,64900000.0,16200000.0,64600000.0,4894.0,168.0,136.0,0.077022519,138.0,233.75,690.0,935.0,225.0
80.0,411.0,935.0,411.0,68.5,935.0,187.0,66800000.0,13400000.0,65800000.0,352.0,208.0,168.0,0.08981964,68.5,187.0,411.0,935.0,225.0
80.0,394.0,935.0,394.0,78.8,935.0,187.0,64600000.0,16200000.0,64600000.0,10814.0,168.0,168.0,0.07735584,78.8,187.0,394.0,935.0,225.0
80.0,355.0,935.0,355.0,71.0,935.0,187.0,64600000.0,16200000.0,64500000.0,261.0,168.0,168.0,0.077359758,71.0,187.0,355.0,935.0,225.0
80.0,344.0,935.0,344.0,68.8,935.0,187.0,62700000.0,15700000.0,62700000.0,121.0,168.0,168.0,0.079555037,68.8,187.0,344.0,935.0,225.0
80.0,371.0,935.0,371.0,74.2,935.0,187.0,61500000.0,15400000.0,61400000.0,13484.0,168.0,168.0,0.081269664,74.2,187.0,371.0,935.0,225.0
80.0,354.0,935.0,354.0,70.8,935.0,187.0,64900000.0,16200000.0,64800000.0,490.0,168.0,168.0,0.077065464,70.8,187.0,354.0,935.0,225.0
80.0,319.0,935.0,319.0,63.8,935.0,187.0,64700000.0,16200000.0,64700000.0,6638.0,168.0,168.0,0.07721407200000001,63.8,187.0,319.0,935.0,225.0
80.0,377.0,935.0,377.0,62.83333333,935.0,187.0,62400000.0,12500000.0,61400000.0,409.0,208.0,168.0,0.096092729,62.83333333,187.0,377.0,935.0,225.0
55472.0,935.0,343.0,935.0,187.0,343.0,114.33333329999999,2489901.0,622475.25,2431489.0,48.0,168.0,104.0,2.008111969,187.0,114.33333329999999,935.0,343.0,237.0
80.0,316.0,935.0,316.0,63.2,935.0,187.0,64300000.0,16100000.0,64200000.0,260.0,168.0,168.0,0.077767346,63.2,187.0,316.0,935.0,225.0
80.0,303.0,935.0,303.0,75.75,935.0,233.75,64700000.0,21600000.0,64600000.0,3763.0,136.0,136.0,0.061835123,75.75,233.75,303.0,935.0,225.0
80.0,362.0,935.0,362.0,90.5,935.0,233.75,62800000.0,20900000.0,62700000.0,312.0,136.0,136.0,0.063635489,90.5,233.75,362.0,935.0,225.0
80.0,366.0,935.0,366.0,73.2,935.0,187.0,61600000.0,15400000.0,61400000.0,272.0,168.0,168.0,0.081174401,73.2,187.0,366.0,935.0,225.0
80.0,344.0,935.0,344.0,68.8,935.0,233.75,65800000.0,16400000.0,64600000.0,775.0,176.0,136.0,0.07603083299999999,68.8,233.75,344.0,935.0,225.0
80.0,377.0,935.0,377.0,75.4,935.0,187.0,65000000.0,16200000.0,64800000.0,252.0,168.0,168.0,0.076939699,75.4,187.0,377.0,935.0,225.0
80.0,369.0,935.0,369.0,73.8,935.0,187.0,64700000.0,16200000.0,64600000.0,4614.0,168.0,168.0,0.077246384,73.8,187.0,369.0,935.0,225.0
80.0,334.0,935.0,334.0,66.8,935.0,187.0,65200000.0,16300000.0,65100000.0,18982.0,168.0,168.0,0.076702239,66.8,187.0,334.0,935.0,225.0
80.0,341.0,935.0,341.0,68.2,935.0,187.0,65900000.0,16500000.0,65800000.0,309.0,168.0,168.0,0.075846912,68.2,187.0,341.0,935.0,225.0
80.0,716.0,935.0,358.0,119.33333329999999,935.0,187.0,61200000.0,12200000.0,61000000.0,240.0,200.0,168.0,0.09795393,119.33333329999999,187.0,716.0,935.0,225.0
80.0,368.0,935.0,368.0,73.6,935.0,187.0,64400000.0,16100000.0,64300000.0,8535.0,168.0,168.0,0.077638668,73.6,187.0,368.0,935.0,225.0
80.0,334.0,935.0,334.0,66.8,935.0,187.0,64600000.0,16100000.0,64500000.0,278.0,168.0,168.0,0.077408811,66.8,187.0,334.0,935.0,225.0
80.0,352.0,935.0,352.0,70.4,935.0,187.0,61500000.0,15400000.0,61400000.0,337.0,168.0,168.0,0.081214675,70.4,187.0,352.0,935.0,225.0
22.0,1239.0,2273.0,744.0,88.5,976.0,189.41666669999998,4044008.0,311077.5385,844218.0,187.0,456.0,392.0,3.461912044,88.5,189.41666669999998,1239.0,2273.0,14600.0
80.0,343.0,935.0,343.0,49.0,935.0,233.75,64900000.0,10800000.0,64800000.0,5445.0,232.0,136.0,0.107835349,49.0,233.75,343.0,935.0,225.0
58182.0,935.0,351.0,935.0,187.0,351.0,117.0,2403025.0,600756.25,2247078.0,28.0,168.0,104.0,2.080710771,187.0,117.0,935.0,351.0,219.0
80.0,308.0,935.0,308.0,61.6,935.0,187.0,64400000.0,16100000.0,64300000.0,26361.0,168.0,168.0,0.07758889299999999,61.6,187.0,308.0,935.0,225.0
80.0,361.0,935.0,361.0,72.2,935.0,187.0,64300000.0,16100000.0,64200000.0,5653.0,168.0,168.0,0.077701569,72.2,187.0,361.0,935.0,225.0
80.0,418.0,935.0,418.0,83.6,935.0,187.0,62300000.0,15600000.0,62300000.0,1848.0,168.0,168.0,0.080254802,83.6,187.0,418.0,935.0,225.0
80.0,295.0,935.0,295.0,73.75,935.0,233.75,62000000.0,20700000.0,61800000.0,305.0,136.0,136.0,0.064443636,73.75,233.75,295.0,935.0,225.0
80.0,361.0,935.0,361.0,60.16666667,935.0,187.0,65300000.0,13100000.0,64300000.0,5341.0,208.0,168.0,0.091843706,60.16666667,187.0,361.0,935.0,225.0
80.0,347.0,935.0,347.0,69.4,935.0,187.0,65200000.0,16300000.0,65200000.0,128.0,168.0,168.0,0.076644609,69.4,187.0,347.0,935.0,225.0
80.0,327.0,935.0,327.0,65.4,935.0,187.0,64700000.0,16200000.0,64600000.0,10931.0,168.0,168.0,0.07731661599999999,65.4,187.0,327.0,935.0,225.0
80.0,343.0,935.0,343.0,68.6,935.0,187.0,64400000.0,16100000.0,64300000.0,18921.0,168.0,168.0,0.077569829,68.6,187.0,343.0,935.0,225.0
80.0,334.0,935.0,334.0,66.8,935.0,187.0,65000000.0,16300000.0,65000000.0,121.0,168.0,168.0,0.07685723,66.8,187.0,334.0,935.0,225.0
80.0,372.0,935.0,372.0,74.4,935.0,187.0,61400000.0,15400000.0,61400000.0,3209.0,168.0,168.0,0.081318238,74.4,187.0,372.0,935.0,225.0
80.0,344.0,935.0,344.0,68.8,935.0,187.0,61300000.0,15300000.0,61200000.0,338.0,168.0,168.0,0.081536753,68.8,187.0,344.0,935.0,225.0
80.0,325.0,935.0,325.0,65.0,935.0,187.0,64700000.0,16200000.0,64500000.0,603.0,168.0,168.0,0.07726248599999999,65.0,187.0,325.0,935.0,225.0
80.0,321.0,935.0,321.0,53.5,935.0,187.0,66800000.0,13400000.0,65800000.0,515.0,208.0,168.0,0.089789754,53.5,187.0,321.0,935.0,225.0
80.0,333.0,935.0,333.0,66.6,935.0,187.0,64400000.0,16100000.0,64300000.0,18016.0,168.0,168.0,0.077583353,66.6,187.0,333.0,935.0,225.0
80.0,656.0,935.0,328.0,109.33333329999999,935.0,187.0,64900000.0,13000000.0,64500000.0,282.0,200.0,168.0,0.092365911,109.33333329999999,187.0,656.0,935.0,225.0
80.0,610.0,935.0,305.0,101.66666670000001,935.0,187.0,60800000.0,12200000.0,60400000.0,13572.0,200.0,168.0,0.098665524,101.66666670000001,187.0,610.0,935.0,225.0
80.0,357.0,935.0,357.0,71.4,935.0,187.0,65100000.0,16300000.0,65100000.0,5137.0,168.0,168.0,0.07674177,71.4,187.0,357.0,935.0,225.0
80.0,368.0,935.0,368.0,52.57142857,935.0,233.75,64900000.0,10800000.0,64800000.0,1338.0,232.0,136.0,0.10782214400000001,52.57142857,233.75,368.0,935.0,225.0
80.0,309.0,935.0,309.0,61.8,935.0,187.0,64400000.0,16100000.0,64300000.0,10070.0,168.0,168.0,0.077618692,61.8,187.0,309.0,935.0,225.0
80.0,325.0,935.0,325.0,65.0,935.0,187.0,62300000.0,15600000.0,62300000.0,796.0,168.0,168.0,0.08023883799999999,65.0,187.0,325.0,935.0,225.0
80.0,304.0,935.0,304.0,60.8,935.0,187.0,61500000.0,15400000.0,61500000.0,9205.0,168.0,168.0,0.081252112,60.8,187.0,304.0,935.0,225.0
80.0,354.0,935.0,354.0,70.8,935.0,187.0,60600000.0,15100000.0,60500000.0,19891.0,168.0,168.0,0.08248717400000001,70.8,187.0,354.0,935.0,225.0
80.0,347.0,935.0,347.0,86.75,935.0,233.75,61000000.0,20300000.0,60900000.0,11910.0,136.0,136.0,0.06559462099999999,86.75,233.75,347.0,935.0,225.0
80.0,324.0,935.0,324.0,64.8,935.0,187.0,64900000.0,16200000.0,64800000.0,262.0,168.0,168.0,0.077078711,64.8,187.0,324.0,935.0,225.0
80.0,332.0,935.0,332.0,66.4,935.0,233.75,3049521.0,762380.25,2016045.0,2738.0,184.0,136.0,1.613042156,66.4,233.75,332.0,935.0,26883.0
80.0,382.0,935.0,382.0,76.4,935.0,187.0,64400000.0,16100000.0,64300000.0,17649.0,168.0,168.0,0.07758449099999999,76.4,187.0,382.0,935.0,225.0
80.0,736.0,935.0,368.0,122.66666670000001,935.0,187.0,65500000.0,13100000.0,65100000.0,5314.0,200.0,168.0,0.09161010000000001,122.66666670000001,187.0,736.0,935.0,225.0
35958.0,935.0,350.0,935.0,187.0,350.0,116.66666670000001,2570944.0,642736.0,2457546.0,37.0,168.0,104.0,1.944810933,187.0,116.66666670000001,935.0,350.0,237.0
80.0,372.0,935.0,372.0,74.4,935.0,187.0,64400000.0,16100000.0,64300000.0,15242.0,168.0,168.0,0.077642652,74.4,187.0,372.0,935.0,225.0
80.0,348.0,935.0,348.0,69.6,935.0,187.0,64500000.0,16100000.0,64500000.0,1234.0,168.0,168.0,0.077448081,69.6,187.0,348.0,935.0,225.0
80.0,359.0,935.0,359.0,71.8,935.0,187.0,64700000.0,16200000.0,64600000.0,1582.0,168.0,168.0,0.077227151,71.8,187.0,359.0,935.0,225.0
80.0,389.0,935.0,389.0,64.83333333,935.0,187.0,64600000.0,12900000.0,64500000.0,17863.0,200.0,168.0,0.09281670800000001,64.83333333,187.0,389.0,935.0,225.0
55416.0,935.0,347.0,935.0,187.0,347.0,115.66666670000001,2435587.0,608896.75,2380498.0,44.0,168.0,104.0,2.052893204,187.0,115.66666670000001,935.0,347.0,219.0
80.0,363.0,935.0,363.0,90.75,935.0,233.75,62000000.0,20700000.0,61800000.0,286.0,136.0,136.0,0.064483598,90.75,233.75,363.0,935.0,225.0
80.0,347.0,935.0,347.0,69.4,935.0,187.0,65400000.0,16300000.0,65200000.0,216.0,168.0,168.0,0.076426295,69.4,187.0,347.0,935.0,225.0
50558.0,935.0,369.0,935.0,233.75,369.0,73.8,2521228.0,840409.3333,2435846.0,40140.0,136.0,168.0,1.570246344,233.75,73.8,935.0,369.0,237.0
80.0,308.0,935.0,308.0,51.33333333,935.0,187.0,67100000.0,13400000.0,66100000.0,321.0,208.0,168.0,0.089364339,51.33333333,187.0,308.0,935.0,225.0
80.0,313.0,935.0,313.0,78.25,935.0,233.75,61000000.0,20300000.0,60900000.0,295.0,136.0,136.0,0.06555843,78.25,233.75,313.0,935.0,225.0
53016.0,935.0,357.0,935.0,187.0,357.0,119.0,2557151.0,639287.75,2454201.0,54.0,168.0,104.0,1.955301036,187.0,119.0,935.0,357.0,237.0
80.0,314.0,935.0,314.0,62.8,935.0,187.0,64100000.0,16000000.0,63900000.0,1271.0,168.0,168.0,0.07800246400000001,62.8,187.0,314.0,935.0,225.0
80.0,401.0,935.0,401.0,80.2,935.0,187.0,64200000.0,16100000.0,64200000.0,120.0,168.0,168.0,0.077802948,80.2,187.0,401.0,935.0,225.0
80.0,351.0,935.0,351.0,87.75,935.0,233.75,64700000.0,21600000.0,64700000.0,9753.0,136.0,136.0,0.06180298099999999,87.75,233.75,351.0,935.0,225.0
54700.0,935.0,372.0,935.0,187.0,372.0,124.0,2532185.0,633046.25,2420174.0,10901.0,168.0,104.0,1.974579267,187.0,124.0,935.0,372.0,237.0
80.0,360.0,935.0,360.0,60.0,935.0,187.0,65300000.0,13100000.0,64300000.0,5900.0,208.0,168.0,0.09183829800000001,60.0,187.0,360.0,935.0,225.0
80.0,399.0,935.0,399.0,79.8,935.0,187.0,64300000.0,16100000.0,64200000.0,271.0,168.0,168.0,0.07774154700000001,79.8,187.0,399.0,935.0,225.0
80.0,293.0,935.0,293.0,73.25,935.0,233.75,63400000.0,21100000.0,63400000.0,894.0,136.0,136.0,0.063063682,73.25,233.75,293.0,935.0,225.0
80.0,325.0,935.0,325.0,65.0,935.0,187.0,60800000.0,15200000.0,60800000.0,1774.0,168.0,168.0,0.082119661,65.0,187.0,325.0,935.0,225.0
80.0,650.0,935.0,325.0,108.33333329999999,935.0,187.0,66000000.0,13200000.0,65800000.0,749.0,200.0,168.0,0.09087975699999999,108.33333329999999,187.0,650.0,935.0,225.0
80.0,355.0,935.0,355.0,71.0,935.0,187.0,61600000.0,15400000.0,61400000.0,270.0,168.0,168.0,0.081170928,71.0,187.0,355.0,935.0,225.0
80.0,347.0,935.0,347.0,86.75,935.0,233.75,64500000.0,21500000.0,64400000.0,946.0,136.0,136.0,0.0619984,86.75,233.75,347.0,935.0,225.0
80.0,337.0,935.0,337.0,67.4,935.0,187.0,65900000.0,16500000.0,65800000.0,285.0,168.0,168.0,0.075896623,67.4,187.0,337.0,935.0,225.0
80.0,315.0,935.0,315.0,63.0,935.0,187.0,62400000.0,15600000.0,62400000.0,531.0,168.0,168.0,0.080066458,63.0,187.0,315.0,935.0,225.0
80.0,353.0,935.0,353.0,88.25,935.0,233.75,64500000.0,21500000.0,64400000.0,30296.0,136.0,136.0,0.061967367999999995,88.25,233.75,353.0,935.0,225.0
80.0,363.0,935.0,363.0,72.6,935.0,187.0,64500000.0,16100000.0,64400000.0,9476.0,168.0,168.0,0.077544753,72.6,187.0,363.0,935.0,225.0
80.0,360.0,935.0,360.0,72.0,935.0,187.0,64800000.0,16200000.0,64700000.0,13346.0,168.0,168.0,0.077115355,72.0,187.0,360.0,935.0,225.0
80.0,740.0,935.0,370.0,123.33333329999999,935.0,187.0,64600000.0,12900000.0,64300000.0,251.0,200.0,168.0,0.092819482,123.33333329999999,187.0,740.0,935.0,225.0
80.0,368.0,935.0,368.0,73.6,935.0,187.0,65900000.0,16500000.0,65800000.0,241.0,168.0,168.0,0.075846286,73.6,187.0,368.0,935.0,225.0
80.0,336.0,935.0,336.0,84.0,935.0,233.75,63500000.0,21200000.0,63500000.0,323.0,136.0,136.0,0.06298303400000001,84.0,233.75,336.0,935.0,225.0
80.0,351.0,935.0,351.0,70.2,935.0,187.0,64800000.0,16200000.0,64700000.0,2258.0,168.0,168.0,0.07713269,70.2,187.0,351.0,935.0,225.0
80.0,356.0,935.0,356.0,71.2,935.0,187.0,64600000.0,16200000.0,64600000.0,542.0,168.0,168.0,0.077289362,71.2,187.0,356.0,935.0,225.0
80.0,356.0,935.0,356.0,71.2,935.0,187.0,61600000.0,15400000.0,61400000.0,255.0,168.0,168.0,0.081161952,71.2,187.0,356.0,935.0,225.0
80.0,319.0,935.0,319.0,63.8,935.0,187.0,64400000.0,16100000.0,64300000.0,474.0,168.0,168.0,0.077570189,63.8,187.0,319.0,935.0,225.0
80.0,354.0,935.0,354.0,70.8,935.0,187.0,64400000.0,16100000.0,64300000.0,10040.0,168.0,168.0,0.07761889599999999,70.8,187.0,354.0,935.0,225.0
80.0,650.0,935.0,325.0,92.85714286,935.0,187.0,64000000.0,10700000.0,62700000.0,1184.0,240.0,168.0,0.109431078,92.85714286,187.0,650.0,935.0,225.0
80.0,313.0,935.0,313.0,62.6,935.0,187.0,63800000.0,16000000.0,63700000.0,101.0,168.0,168.0,0.078334917,62.6,187.0,313.0,935.0,225.0
80.0,412.0,935.0,412.0,103.0,935.0,233.75,64300000.0,21400000.0,64300000.0,15377.0,136.0,136.0,0.062167225,103.0,233.75,412.0,935.0,225.0
80.0,352.0,935.0,352.0,88.0,935.0,233.75,64500000.0,21500000.0,64500000.0,315.0,136.0,136.0,0.062002732000000005,88.0,233.75,352.0,935.0,225.0
47266.0,935.0,358.0,935.0,187.0,358.0,119.33333329999999,2574908.0,643727.0,2422033.0,5240.0,168.0,104.0,1.94181695,187.0,119.33333329999999,935.0,358.0,219.0
50448.0,935.0,371.0,935.0,187.0,371.0,123.66666670000001,2536599.0,634149.75,2465414.0,55.0,168.0,104.0,1.971143251,187.0,123.66666670000001,935.0,371.0,237.0
80.0,349.0,935.0,349.0,69.8,935.0,187.0,64900000.0,16200000.0,64800000.0,1506.0,168.0,168.0,0.077062503,69.8,187.0,349.0,935.0,225.0
80.0,297.0,935.0,297.0,74.25,935.0,233.75,64700000.0,21600000.0,64700000.0,13677.0,136.0,136.0,0.061779627999999996,74.25,233.75,297.0,935.0,225.0
80.0,362.0,935.0,362.0,72.4,935.0,187.0,64400000.0,16100000.0,64300000.0,11301.0,168.0,168.0,0.077614524,72.4,187.0,362.0,935.0,225.0
80.0,291.0,935.0,291.0,72.75,935.0,233.75,62000000.0,20700000.0,62000000.0,2685.0,136.0,136.0,0.064452334,72.75,233.75,291.0,935.0,225.0
47262.0,935.0,356.0,935.0,187.0,356.0,118.66666670000001,2565434.0,641358.5,2417355.0,34.0,168.0,104.0,1.948987969,187.0,118.66666670000001,935.0,356.0,219.0
80.0,308.0,935.0,308.0,61.6,935.0,187.0,64900000.0,16200000.0,64800000.0,263.0,168.0,168.0,0.077093994,61.6,187.0,308.0,935.0,225.0
80.0,350.0,935.0,350.0,70.0,935.0,187.0,65300000.0,16300000.0,65100000.0,6757.0,168.0,168.0,0.07656578,70.0,187.0,350.0,935.0,225.0
80.0,318.0,935.0,318.0,63.6,935.0,187.0,65800000.0,16400000.0,65700000.0,243.0,168.0,168.0,0.075978084,63.6,187.0,318.0,935.0,225.0
80.0,341.0,935.0,341.0,68.2,935.0,187.0,64400000.0,16100000.0,64300000.0,1594.0,168.0,168.0,0.07759475,68.2,187.0,341.0,935.0,225.0
80.0,335.0,935.0,335.0,67.0,935.0,187.0,61200000.0,15300000.0,61200000.0,201.0,168.0,168.0,0.08161069900000001,67.0,187.0,335.0,935.0,225.0
80.0,754.0,935.0,377.0,150.8,935.0,233.75,64900000.0,16200000.0,64600000.0,5152.0,168.0,136.0,0.076957753,150.8,233.75,754.0,935.0,225.0
80.0,362.0,935.0,362.0,72.4,935.0,187.0,61400000.0,15400000.0,61400000.0,859.0,168.0,168.0,0.081345766,72.4,187.0,362.0,935.0,225.0
80.0,736.0,935.0,368.0,122.66666670000001,935.0,187.0,64600000.0,12900000.0,64300000.0,10213.0,200.0,168.0,0.092760016,122.66666670000001,187.0,736.0,935.0,225.0
80.0,309.0,935.0,309.0,61.8,935.0,187.0,64600000.0,16200000.0,64500000.0,12725.0,168.0,168.0,0.077357352,61.8,187.0,309.0,935.0,225.0
80.0,374.0,935.0,374.0,74.8,935.0,187.0,64900000.0,16200000.0,64700000.0,4295.0,168.0,168.0,0.077077483,74.8,187.0,374.0,935.0,225.0
80.0,366.0,935.0,366.0,91.5,935.0,233.75,62000000.0,20700000.0,62000000.0,878.0,136.0,136.0,0.064455967,91.5,233.75,366.0,935.0,225.0
80.0,684.0,935.0,342.0,136.8,935.0,233.75,65500000.0,16400000.0,65200000.0,858.0,168.0,136.0,0.076331969,136.8,233.75,684.0,935.0,225.0
80.0,414.0,935.0,414.0,82.8,935.0,187.0,64300000.0,16100000.0,64200000.0,274.0,168.0,168.0,0.077753182,82.8,187.0,414.0,935.0,225.0
80.0,286.0,935.0,286.0,57.2,935.0,187.0,65100000.0,16300000.0,65100000.0,5365.0,168.0,168.0,0.076710296,57.2,187.0,286.0,935.0,225.0
80.0,413.0,935.0,413.0,82.6,935.0,187.0,61600000.0,15400000.0,61500000.0,288.0,168.0,168.0,0.081160797,82.6,187.0,413.0,935.0,225.0
80.0,359.0,935.0,359.0,71.8,935.0,187.0,64400000.0,16100000.0,64300000.0,8281.0,168.0,168.0,0.077607436,71.8,187.0,359.0,935.0,225.0
80.0,378.0,935.0,378.0,75.6,935.0,187.0,60600000.0,15100000.0,60500000.0,3785.0,168.0,168.0,0.082517984,75.6,187.0,378.0,935.0,225.0
80.0,371.0,935.0,371.0,61.83333333,935.0,187.0,61100000.0,12200000.0,61000000.0,2041.0,200.0,168.0,0.098221625,61.83333333,187.0,371.0,935.0,225.0
80.0,303.0,935.0,303.0,60.6,935.0,187.0,64400000.0,16100000.0,64400000.0,4009.0,168.0,168.0,0.07760304900000001,60.6,187.0,303.0,935.0,225.0
80.0,316.0,935.0,316.0,63.2,935.0,187.0,64600000.0,16200000.0,64600000.0,6635.0,168.0,168.0,0.077350764,63.2,187.0,316.0,935.0,225.0
80.0,349.0,935.0,349.0,69.8,935.0,187.0,65900000.0,16500000.0,65800000.0,11318.0,168.0,168.0,0.075923967,69.8,187.0,349.0,935.0,225.0
56144.0,935.0,349.0,935.0,187.0,349.0,116.33333329999999,2430825.0,607706.25,2308749.0,42.0,168.0,104.0,2.056914833,187.0,116.33333329999999,935.0,349.0,219.0
80.0,356.0,935.0,356.0,71.2,935.0,187.0,64900000.0,16200000.0,64800000.0,310.0,168.0,168.0,0.077011261,71.2,187.0,356.0,935.0,225.0
60982.0,935.0,326.0,935.0,187.0,326.0,108.66666670000001,2354259.0,588564.75,2288336.0,26.0,168.0,104.0,2.123810507,187.0,108.66666670000001,935.0,326.0,219.0
80.0,351.0,935.0,351.0,70.2,935.0,187.0,64400000.0,16100000.0,64400000.0,1338.0,168.0,168.0,0.077533154,70.2,187.0,351.0,935.0,225.0
80.0,380.0,935.0,380.0,76.0,935.0,187.0,64300000.0,16100000.0,64200000.0,14431.0,168.0,168.0,0.077765153,76.0,187.0,380.0,935.0,225.0
80.0,367.0,935.0,367.0,91.75,935.0,233.75,64600000.0,21500000.0,64500000.0,239.0,136.0,136.0,0.061954447999999995,91.75,233.75,367.0,935.0,225.0
80.0,322.0,935.0,322.0,80.5,935.0,233.75,61500000.0,20500000.0,61400000.0,308.0,136.0,136.0,0.065014497,80.5,233.75,322.0,935.0,225.0
80.0,305.0,935.0,305.0,61.0,935.0,187.0,64600000.0,16100000.0,64500000.0,14311.0,168.0,168.0,0.077435716,61.0,187.0,305.0,935.0,225.0
80.0,338.0,935.0,338.0,67.6,935.0,187.0,65300000.0,16300000.0,65200000.0,275.0,168.0,168.0,0.076591073,67.6,187.0,338.0,935.0,225.0
80.0,316.0,935.0,316.0,79.0,935.0,233.75,62100000.0,20700000.0,62100000.0,4332.0,136.0,136.0,0.064351278,79.0,233.75,316.0,935.0,225.0
80.0,304.0,935.0,304.0,50.66666667,935.0,187.0,64600000.0,12900000.0,64500000.0,14451.0,200.0,168.0,0.092810645,50.66666667,187.0,304.0,935.0,225.0
80.0,374.0,935.0,374.0,74.8,935.0,187.0,64900000.0,16200000.0,64800000.0,270.0,168.0,168.0,0.076968749,74.8,187.0,374.0,935.0,225.0
80.0,284.0,935.0,284.0,71.0,935.0,233.75,62000000.0,20700000.0,62000000.0,553.0,136.0,136.0,0.064425868,71.0,233.75,284.0,935.0,225.0
80.0,355.0,935.0,355.0,59.16666667,935.0,187.0,65400000.0,13100000.0,64300000.0,384.0,208.0,168.0,0.09173852699999999,59.16666667,187.0,355.0,935.0,225.0
80.0,297.0,935.0,297.0,59.4,935.0,187.0,65200000.0,16300000.0,65100000.0,4278.0,168.0,168.0,0.076720651,59.4,187.0,297.0,935.0,225.0
80.0,978.0,935.0,326.0,163.0,935.0,233.75,65100000.0,13000000.0,64600000.0,1910.0,200.0,136.0,0.09206492699999999,163.0,233.75,978.0,935.0,225.0
80.0,389.0,935.0,389.0,97.25,935.0,233.75,64500000.0,21500000.0,64400000.0,412.0,136.0,136.0,0.062055617,97.25,233.75,389.0,935.0,225.0
80.0,333.0,935.0,333.0,66.6,935.0,187.0,60600000.0,15100000.0,60500000.0,7049.0,168.0,168.0,0.082526268,66.6,187.0,333.0,935.0,225.0
80.0,394.0,935.0,394.0,98.5,935.0,233.75,60900000.0,20300000.0,60800000.0,18375.0,136.0,136.0,0.065703231,98.5,233.75,394.0,935.0,225.0
80.0,373.0,935.0,373.0,74.6,935.0,187.0,64600000.0,16200000.0,64500000.0,3653.0,168.0,168.0,0.07735893,74.6,187.0,373.0,935.0,225.0
50532.0,935.0,350.0,935.0,187.0,350.0,116.66666670000001,2555093.0,638773.25,2481863.0,28.0,168.0,104.0,1.9568759340000002,187.0,116.66666670000001,935.0,350.0,237.0
80.0,340.0,935.0,340.0,68.0,935.0,187.0,61400000.0,15400000.0,61400000.0,478.0,168.0,168.0,0.081349292,68.0,187.0,340.0,935.0,225.0
80.0,360.0,935.0,360.0,72.0,935.0,187.0,61200000.0,15300000.0,61200000.0,230.0,168.0,168.0,0.081628006,72.0,187.0,360.0,935.0,225.0
80.0,377.0,935.0,377.0,94.25,935.0,233.75,64600000.0,21500000.0,64500000.0,13315.0,136.0,136.0,0.061919422,94.25,233.75,377.0,935.0,225.0
80.0,361.0,935.0,361.0,90.25,935.0,233.75,64000000.0,21300000.0,63900000.0,40716.0,136.0,136.0,0.062475472000000004,90.25,233.75,361.0,935.0,225.0
80.0,343.0,935.0,343.0,68.6,935.0,187.0,64700000.0,16200000.0,64500000.0,246.0,168.0,168.0,0.077239562,68.6,187.0,343.0,935.0,225.0
80.0,870.0,935.0,290.0,124.2857143,935.0,187.0,65300000.0,10900000.0,64900000.0,374.0,232.0,168.0,0.10703431699999999,124.2857143,187.0,870.0,935.0,225.0
80.0,330.0,935.0,330.0,66.0,935.0,187.0,65200000.0,16300000.0,65100000.0,10715.0,168.0,168.0,0.076731468,66.0,187.0,330.0,935.0,225.0
80.0,357.0,935.0,357.0,71.4,935.0,187.0,64600000.0,16100000.0,64500000.0,397.0,168.0,168.0,0.077398377,71.4,187.0,357.0,935.0,225.0
80.0,348.0,935.0,348.0,87.0,935.0,233.75,64000000.0,21300000.0,64000000.0,7067.0,136.0,136.0,0.06244229,87.0,233.75,348.0,935.0,225.0
80.0,786.0,935.0,393.0,131.0,935.0,187.0,65600000.0,13100000.0,65200000.0,67.0,200.0,168.0,0.09140224599999999,131.0,187.0,786.0,935.0,225.0
80.0,391.0,935.0,391.0,78.2,935.0,187.0,64200000.0,16000000.0,64100000.0,4249.0,168.0,168.0,0.077826194,78.2,187.0,391.0,935.0,225.0
80.0,326.0,935.0,326.0,65.2,935.0,187.0,64700000.0,16200000.0,64500000.0,943.0,168.0,168.0,0.077289485,65.2,187.0,326.0,935.0,225.0
